<VersionConfig xmlns:i="http://www.w3.org/2001/XMLSchema-instance">
    <BiomeConfig>
        <TCProperty>
            <Group i:nil="true" />
            <LabelText i:nil="true" />
            <Name>BiomeColor</Name>
            <PropertyType>Color</PropertyType>
            <ScriptHandle>BiomeColor:</ScriptHandle>
        </TCProperty>
        <TCProperty>
            <Group i:nil="true" />
            <LabelText i:nil="true" />        
            <Name>BiomeExtends</Name>            
            <PropertyType>String</PropertyType>
            <ScriptHandle>BiomeExtends:</ScriptHandle>
        </TCProperty>
        <TCProperty>
            <Group i:nil="true" />
            <LabelText i:nil="true" />        
            <Name>BiomeHeight</Name>            
            <PropertyType>Float</PropertyType>
            <ScriptHandle>BiomeHeight:</ScriptHandle>
        </TCProperty>                
        <TCProperty>
            <Group i:nil="true" />
            <LabelText i:nil="true" />        
            <Name>BiomeIsBorder</Name>            
            <PropertyType>BiomesList</PropertyType>
            <ScriptHandle>BiomeIsBorder:</ScriptHandle>
        </TCProperty>
        <TCProperty>
            <Group i:nil="true" />
            <LabelText i:nil="true" />
            <Name>BiomeObjects</Name>            
            <PropertyType>String</PropertyType>
            <ScriptHandle>BiomeObjects:</ScriptHandle>
        </TCProperty>                
        <TCProperty>
            <Group i:nil="true" />
            <LabelText i:nil="true" />        
            <Name>BiomeRarity</Name>            
            <PropertyType>Float</PropertyType>
            <ScriptHandle>BiomeRarity:</ScriptHandle>
        </TCProperty>                
        <TCProperty>
            <Group i:nil="true" />
            <LabelText i:nil="true" />        
            <Name>BiomeSize</Name>            
            <PropertyType>Float</PropertyType>
            <ScriptHandle>BiomeSize:</ScriptHandle>
        </TCProperty>                
        <TCProperty>
            <Group i:nil="true" />
            <LabelText i:nil="true" />        
            <Name>BiomeTemperature</Name>            
            <PropertyType>Float</PropertyType>
            <ScriptHandle>BiomeTemperature:</ScriptHandle>
        </TCProperty>                
        <TCProperty>
            <Group i:nil="true" />
            <LabelText i:nil="true" />        
            <Name>BiomeVolatility</Name>            
            <PropertyType>Float</PropertyType>
            <ScriptHandle>BiomeVolatility:</ScriptHandle>
        </TCProperty>                
        <TCProperty>
            <Group i:nil="true" />
            <LabelText i:nil="true" />        
            <Name>BiomeWetness</Name>            
            <PropertyType>Float</PropertyType>
            <ScriptHandle>BiomeWetness:</ScriptHandle>
        </TCProperty>                
        <TCProperty>
            <Group i:nil="true" />
            <LabelText i:nil="true" />        
            <Name>CustomHeightControl</Name>            
            <PropertyType>String</PropertyType>
            <ScriptHandle>CustomHeightControl:</ScriptHandle>
        </TCProperty>                
        <TCProperty>
            <Group i:nil="true" />
            <LabelText i:nil="true" />        
            <Name>DisableBiomeHeight</Name>            
            <PropertyType>Bool</PropertyType>
            <ScriptHandle>DisableBiomeHeight:</ScriptHandle>
        </TCProperty>              
        <TCProperty>
            <Group i:nil="true" />
            <LabelText i:nil="true" />        
            <Name>FoliageColor</Name>            
            <PropertyType>Color</PropertyType>
            <ScriptHandle>FoliageColor:</ScriptHandle>
        </TCProperty>                
        <TCProperty>
            <Group i:nil="true" />
            <LabelText i:nil="true" />        
            <Name>FoliageColorIsMultiplier</Name>            
            <PropertyType>Bool</PropertyType>
            <ScriptHandle>FoliageColorIsMultiplier:</ScriptHandle>
        </TCProperty>                
        <TCProperty>
            <Group i:nil="true" />
            <LabelText i:nil="true" />        
            <Name>GrassColor</Name>            
            <PropertyType>Color</PropertyType>
            <ScriptHandle>GrassColor:</ScriptHandle>
        </TCProperty>                
        <TCProperty>
            <Group i:nil="true" />
            <LabelText i:nil="true" />        
            <Name>GrassColorIsMultiplier</Name>            
            <PropertyType>Bool</PropertyType>
            <ScriptHandle>GrassColorIsMultiplier:</ScriptHandle>
        </TCProperty>                
        <TCProperty>
            <Group i:nil="true" />
            <LabelText i:nil="true" />        
            <Name>GroundBlock</Name>            
            <PropertyType>String</PropertyType>
            <ScriptHandle>GroundBlock:</ScriptHandle>
        </TCProperty>                
        <TCProperty>
            <Group i:nil="true" />
            <LabelText i:nil="true" />        
            <Name>IceBlock</Name>            
            <PropertyType>String</PropertyType>
            <ScriptHandle>IceBlock:</ScriptHandle>
        </TCProperty>                
        <TCProperty>
            <Group i:nil="true" />
            <LabelText i:nil="true" />        
            <Name>IsleInBiome</Name>            
            <PropertyType>BiomesList</PropertyType>
            <ScriptHandle>IsleInBiome:</ScriptHandle>
        </TCProperty>                
        <TCProperty>
            <Group i:nil="true" />
            <LabelText i:nil="true" />        
            <Name>MaxAverageDepth</Name>            
            <PropertyType>Float</PropertyType>
            <ScriptHandle>MaxAverageDepth:</ScriptHandle>
        </TCProperty>                
        <TCProperty>
            <Group i:nil="true" />
            <LabelText i:nil="true" />        
            <Name>MaxAverageHeight</Name>            
            <PropertyType>Float</PropertyType>
            <ScriptHandle>MaxAverageHeight:</ScriptHandle>
        </TCProperty>                
        <TCProperty>
            <Group i:nil="true" />
            <LabelText i:nil="true" />        
            <Name>MineshaftRarity</Name>            
            <PropertyType>Float</PropertyType>
            <ScriptHandle>MineshaftRarity:</ScriptHandle>
        </TCProperty>                
        <TCProperty>
            <Group i:nil="true" />
            <LabelText i:nil="true" />        
            <Name>Mob spawning</Name>            
            <PropertyType>ResourceQueue</PropertyType>
            <ScriptHandle># |                           Mob spawning                          | #</ScriptHandle>
        </TCProperty>        
        <TCProperty>
            <Group i:nil="true" />
            <LabelText i:nil="true" />        
            <Name>NetherFortressesEnabled</Name>            
            <PropertyType>Bool</PropertyType>
            <ScriptHandle>NetherFortressesEnabled:</ScriptHandle>
        </TCProperty>                
        <TCProperty>
            <Group i:nil="true" />
            <LabelText i:nil="true" />        
            <Name>NotBorderNear</Name>            
            <PropertyType>BiomesList</PropertyType>
            <ScriptHandle>NotBorderNear:</ScriptHandle>
        </TCProperty>                
        <TCProperty>
            <Group i:nil="true" />
            <LabelText i:nil="true" />        
            <Name>RareBuildingType</Name>            
            <PropertyType>String</PropertyType>
            <ScriptHandle>RareBuildingType:</ScriptHandle>
        </TCProperty>                
        <TCProperty>
            <Group i:nil="true" />
            <LabelText i:nil="true" />        
            <Name>ReplaceToBiomeName</Name>            
            <PropertyType>String</PropertyType>
            <ScriptHandle>ReplaceToBiomeName:</ScriptHandle>
			<Optional>true</Optional>
        </TCProperty>                
        <TCProperty>
            <Group i:nil="true" />
            <LabelText i:nil="true" />        
            <Name>ReplacedBlocks</Name>            
            <PropertyType>String</PropertyType>
            <ScriptHandle>ReplacedBlocks:</ScriptHandle>
        </TCProperty>
        <TCProperty>
            <Group i:nil="true" />
            <LabelText i:nil="true" />        
            <Name>ResourceInheritance</Name>            
            <PropertyType>Bool</PropertyType>
            <ScriptHandle>ResourceInheritance:</ScriptHandle>
        </TCProperty>
        <TCProperty>
            <Group i:nil="true" />
            <LabelText i:nil="true" />        
            <Name>ResourceQueue</Name>            
            <PropertyType>ResourceQueue</PropertyType>
            <ScriptHandle># |                          Resource queue                         | #</ScriptHandle>
        </TCProperty>                
        <TCProperty>
            <Group i:nil="true" />
            <LabelText i:nil="true" />        
            <Name>RiverBiome</Name>            
            <PropertyType>String</PropertyType>
            <ScriptHandle>RiverBiome:</ScriptHandle>
        </TCProperty>                
        <TCProperty>
            <Group i:nil="true" />
            <LabelText i:nil="true" />        
            <Name>RiverCustomHeightControl</Name>            
            <PropertyType>String</PropertyType>
            <ScriptHandle>RiverCustomHeightControl:</ScriptHandle>
        </TCProperty>                
        <TCProperty>
            <Group i:nil="true" />
            <LabelText i:nil="true" />        
            <Name>RiverHeight</Name>            
            <PropertyType>Float</PropertyType>
            <ScriptHandle>RiverHeight:</ScriptHandle>
        </TCProperty>                
        <TCProperty>
            <Group i:nil="true" />
            <LabelText i:nil="true" />        
            <Name>RiverVolatility</Name>            
            <PropertyType>Float</PropertyType>
            <ScriptHandle>RiverVolatility:</ScriptHandle>
        </TCProperty>                
        <TCProperty>
            <Group i:nil="true" />
            <LabelText i:nil="true" />        
            <Name>RiverWaterLevel</Name>            
            <PropertyType>Float</PropertyType>
            <ScriptHandle>RiverWaterLevel:</ScriptHandle>
        </TCProperty>  
        <TCProperty>
            <Group i:nil="true" />
            <LabelText i:nil="true" />        
            <Name>Sapling resource</Name>            
            <PropertyType>ResourceQueue</PropertyType>
            <ScriptHandle># |                         Sapling resource                        | #</ScriptHandle>
        </TCProperty>  
        <TCProperty>
            <Group i:nil="true" />
            <LabelText i:nil="true" />        
            <Name>SkyColor</Name>            
            <PropertyType>Color</PropertyType>
            <ScriptHandle>SkyColor:</ScriptHandle>
        </TCProperty>                
        <TCProperty>
            <Group i:nil="true" />
            <LabelText i:nil="true" />        
            <Name>SmoothRadius</Name>            
            <PropertyType>Float</PropertyType>
            <ScriptHandle>SmoothRadius:</ScriptHandle>
        </TCProperty>                
        <TCProperty>
            <Group i:nil="true" />
            <LabelText i:nil="true" />        
            <Name>StoneBlock</Name>            
            <PropertyType>String</PropertyType>
            <ScriptHandle>StoneBlock:</ScriptHandle>
        </TCProperty>                
        <TCProperty>
            <Group i:nil="true" />
            <LabelText i:nil="true" />        
            <Name>StrongholdsEnabled</Name>            
            <PropertyType>Bool</PropertyType>
            <ScriptHandle>StrongholdsEnabled:</ScriptHandle>
        </TCProperty>                
        <TCProperty>
            <Group i:nil="true" />
            <LabelText i:nil="true" />        
            <Name>SurfaceAndGroundControl</Name>            
            <PropertyType>String</PropertyType>
            <ScriptHandle>SurfaceAndGroundControl:</ScriptHandle>
        </TCProperty>                
        <TCProperty>
            <Group i:nil="true" />
            <LabelText i:nil="true" />        
            <Name>SurfaceBlock</Name>            
            <PropertyType>String</PropertyType>
            <ScriptHandle>SurfaceBlock:</ScriptHandle>
        </TCProperty>                
        <TCProperty>
            <Group i:nil="true" />
            <LabelText i:nil="true" />        
            <Name>UseWorldWaterLevel</Name>            
            <PropertyType>Bool</PropertyType>
            <ScriptHandle>UseWorldWaterLevel:</ScriptHandle>
        </TCProperty>                
        <TCProperty>
            <Group i:nil="true" />
            <LabelText i:nil="true" />        
            <Name>VillageType</Name>            
            <PropertyType>String</PropertyType>
            <ScriptHandle>VillageType:</ScriptHandle>
        </TCProperty>                
        <TCProperty>
            <Group i:nil="true" />
            <LabelText i:nil="true" />        
            <Name>Volatility1</Name>            
            <PropertyType>Float</PropertyType>
            <ScriptHandle>Volatility1:</ScriptHandle>
        </TCProperty>                
        <TCProperty>
            <Group i:nil="true" />
            <LabelText i:nil="true" />        
            <Name>Volatility2</Name>            
            <PropertyType>Float</PropertyType>
            <ScriptHandle>Volatility2:</ScriptHandle>
        </TCProperty>                
        <TCProperty>
            <Group i:nil="true" />
            <LabelText i:nil="true" />        
            <Name>VolatilityWeight1</Name>            
            <PropertyType>Float</PropertyType>
            <ScriptHandle>VolatilityWeight1:</ScriptHandle>
        </TCProperty>                
        <TCProperty>
            <Group i:nil="true" />
            <LabelText i:nil="true" />        
            <Name>VolatilityWeight2</Name>            
            <PropertyType>Float</PropertyType>
            <ScriptHandle>VolatilityWeight2:</ScriptHandle>
        </TCProperty>                
        <TCProperty>
            <Group i:nil="true" />
            <LabelText i:nil="true" />        
            <Name>WaterBlock</Name>            
            <PropertyType>String</PropertyType>
            <ScriptHandle>WaterBlock:</ScriptHandle>
        </TCProperty>                
        <TCProperty>
            <Group i:nil="true" />
            <LabelText i:nil="true" />        
            <Name>WaterColor</Name>            
            <PropertyType>Color</PropertyType>
            <ScriptHandle>WaterColor:</ScriptHandle>
        </TCProperty>                
        <TCProperty>
            <Group i:nil="true" />
            <LabelText i:nil="true" />        
            <Name>WaterLevelMax</Name>            
            <PropertyType>Float</PropertyType>
            <ScriptHandle>WaterLevelMax:</ScriptHandle>
        </TCProperty>                
        <TCProperty>
            <Group i:nil="true" />
            <LabelText i:nil="true" />        
            <Name>WaterLevelMin</Name>            
            <PropertyType>Float</PropertyType>
            <ScriptHandle>WaterLevelMin:</ScriptHandle>
        </TCProperty>
    </BiomeConfig>
    <ResourceQueueOptions>
		<ResourceQueueItem>            
            <HasUniqueParameter>true</HasUniqueParameter>
            <IsUnique>true</IsUnique>
            <Name>BiomeGroup(</Name>
            <UniqueParameterIndex>0</UniqueParameterIndex>       
			<PopupAskForOverride>true</PopupAskForOverride>			
        </ResourceQueueItem>
        <ResourceQueueItem>            
            <HasUniqueParameter>false</HasUniqueParameter>
            <IsUnique>true</IsUnique>
            <Name>DoResourceInheritance(</Name>
            <UniqueParameterIndex>0</UniqueParameterIndex>
			<PopupAskForOverride>true</PopupAskForOverride>
        </ResourceQueueItem>
        <ResourceQueueItem>            
            <HasUniqueParameter>true</HasUniqueParameter>
            <IsUnique>true</IsUnique>
            <Name>SmallLake(</Name>
            <UniqueParameterIndex>0</UniqueParameterIndex>
        </ResourceQueueItem>
        <ResourceQueueItem>                            
            <HasUniqueParameter>false</HasUniqueParameter>
            <IsUnique>true</IsUnique>
            <Name>Dungeon(</Name>
            <UniqueParameterIndex>0</UniqueParameterIndex>
			<PopupAskForOverride>true</PopupAskForOverride>
        </ResourceQueueItem>
        <ResourceQueueItem> 
            <HasUniqueParameter>false</HasUniqueParameter>
            <IsUnique>false</IsUnique>
            <Name>UnderGroundLake(</Name>            
            <UniqueParameterIndex>0</UniqueParameterIndex>            
        </ResourceQueueItem>
        <ResourceQueueItem>                            
            <HasUniqueParameter>true</HasUniqueParameter>
            <IsUnique>true</IsUnique>
            <Name>Ore(</Name>
            <UniqueParameterIndex>0</UniqueParameterIndex>
			<UniqueParameterValues>
				<string>gold_ore</string>
				<string>iron_ore</string>
				<string>coal_ore</string>
				<string>lapis_ore</string>
				<string>diamond_ore</string>
				<string>redstone_ore</string>
				<string>emerald_ore</string>
				<string>quartz_ore</string>
			</UniqueParameterValues>			
        </ResourceQueueItem>
        <ResourceQueueItem>                            
            <HasUniqueParameter>true</HasUniqueParameter>
            <IsUnique>true</IsUnique>
            <Name>UnderWaterOre(</Name>
            <UniqueParameterIndex>0</UniqueParameterIndex>
			<UniqueParameterValues>
				<string>gold_ore</string>
				<string>iron_ore</string>
				<string>coal_ore</string>
				<string>lapis_ore</string>
				<string>diamond_ore</string>
				<string>redstone_ore</string>
				<string>emerald_ore</string>
				<string>quartz_ore</string>
			</UniqueParameterValues>			
        </ResourceQueueItem>
        <ResourceQueueItem>                            
            <HasUniqueParameter>false</HasUniqueParameter>
            <IsUnique>false</IsUnique>
            <Name>CustomObject(</Name>
            <UniqueParameterIndex>0</UniqueParameterIndex>            
        </ResourceQueueItem>
        <ResourceQueueItem>                            
            <HasUniqueParameter>false</HasUniqueParameter>
            <IsUnique>false</IsUnique>
            <Name>SurfacePatch(</Name>
            <UniqueParameterIndex>0</UniqueParameterIndex>            
        </ResourceQueueItem>		
        <ResourceQueueItem>                            
            <HasUniqueParameter>true</HasUniqueParameter>
            <IsUnique>true</IsUnique>
            <Name>CustomStructure(</Name>
            <UniqueParameterIndex>0</UniqueParameterIndex>
			<PopupAskForOverride>true</PopupAskForOverride>
        </ResourceQueueItem>
        <ResourceQueueItem>                            
            <HasUniqueParameter>true</HasUniqueParameter>
            <IsUnique>true</IsUnique>
            <Name>Tree(</Name>
            <UniqueParameterIndex>1</UniqueParameterIndex>            
        </ResourceQueueItem>
        <ResourceQueueItem>                            
            <HasUniqueParameter>true</HasUniqueParameter>
            <IsUnique>true</IsUnique>
            <Name>Plant(</Name>
            <UniqueParameterIndex>0</UniqueParameterIndex>            
        </ResourceQueueItem>
        <ResourceQueueItem>                            
            <HasUniqueParameter>true</HasUniqueParameter>
            <IsUnique>true</IsUnique>
            <Name>Grass(</Name>
            <UniqueParameterIndex>0</UniqueParameterIndex>            
        </ResourceQueueItem>
        <ResourceQueueItem>                            
            <HasUniqueParameter>true</HasUniqueParameter>
            <IsUnique>true</IsUnique>
            <Name>Reed(</Name>
            <UniqueParameterIndex>0</UniqueParameterIndex>            
        </ResourceQueueItem>
        <ResourceQueueItem>                            
            <HasUniqueParameter>true</HasUniqueParameter>
            <IsUnique>true</IsUnique>
            <Name>Cactus(</Name>            
            <UniqueParameterIndex>0</UniqueParameterIndex>            
        </ResourceQueueItem>
        <ResourceQueueItem>                            
            <HasUniqueParameter>true</HasUniqueParameter>
            <IsUnique>true</IsUnique>
            <Name>Liquid(</Name>
            <UniqueParameterIndex>0</UniqueParameterIndex>            
        </ResourceQueueItem>
        <ResourceQueueItem>                            
            <HasUniqueParameter>true</HasUniqueParameter>
            <IsUnique>true</IsUnique>
            <Name>AboveWaterRes(</Name>
            <UniqueParameterIndex>0</UniqueParameterIndex>            
        </ResourceQueueItem>
        <ResourceQueueItem>                            
            <HasUniqueParameter>false</HasUniqueParameter>
            <IsUnique>true</IsUnique>
            <Name>Vines(</Name>
            <UniqueParameterIndex>0</UniqueParameterIndex>
        </ResourceQueueItem>
        <ResourceQueueItem>                            
            <HasUniqueParameter>true</HasUniqueParameter>
            <IsUnique>true</IsUnique>
            <Name>Vein(</Name>
            <UniqueParameterIndex>0</UniqueParameterIndex>            
			<UniqueParameterValues>
				<string>gold_ore</string>
				<string>iron_ore</string>
				<string>coal_ore</string>
				<string>lapis_ore</string>
				<string>diamond_ore</string>
				<string>redstone_ore</string>
				<string>emerald_ore</string>
				<string>quartz_ore</string>
			</UniqueParameterValues>			
        </ResourceQueueItem>
        <ResourceQueueItem>                            
            <HasUniqueParameter>false</HasUniqueParameter>
            <IsUnique>true</IsUnique>
            <Name>Well(</Name>
            <UniqueParameterIndex>0</UniqueParameterIndex>        
			<PopupAskForOverride>true</PopupAskForOverride>			
        </ResourceQueueItem>
        <ResourceQueueItem>                            
            <HasUniqueParameter>true</HasUniqueParameter>
            <IsUnique>true</IsUnique>
            <Name>Boulder(</Name>
            <UniqueParameterIndex>0</UniqueParameterIndex>
        </ResourceQueueItem>
        <ResourceQueueItem>                            
            <HasUniqueParameter>false</HasUniqueParameter>
            <IsUnique>false</IsUnique>
            <Name>IceSpike(</Name>
            <UniqueParameterIndex>0</UniqueParameterIndex>            
        </ResourceQueueItem>
        <ResourceQueueItem>                            
            <HasUniqueParameter>true</HasUniqueParameter>
            <IsUnique>true</IsUnique>
            <Name>Sapling(</Name>
            <UniqueParameterIndex>0</UniqueParameterIndex>
        </ResourceQueueItem>                
    </ResourceQueueOptions>   
    <SettingsTypes>
        <SettingsType>
            <BiomesDirectory>WorldBiomes</BiomesDirectory>            
            <ColorType>#</ColorType>
            <FileExtension>.bc</FileExtension>
            <Type>Forge</Type>
        </SettingsType>
        <SettingsType>
            <BiomesDirectory>BiomeConfigs</BiomesDirectory>            
            <ColorType>0x</ColorType>
            <FileExtension>BiomeConfig.ini</FileExtension>
            <Type>Bukkit</Type>
        </SettingsType>
    </SettingsTypes>       
    <WorldConfig>
        <TCProperty>
            <Group i:nil="true" />
            <LabelText i:nil="true" />
            <Name>BedrockobBlock</Name>            
            <PropertyType>String</PropertyType>
            <ScriptHandle>BedrockobBlock:</ScriptHandle>
        </TCProperty>
        <TCProperty>
            <Group i:nil="true" />
            <LabelText i:nil="true" />        
            <Name>BiomeMode</Name>            
            <PropertyType>String</PropertyType>
            <ScriptHandle>BiomeMode:</ScriptHandle>
        </TCProperty>        
        <TCProperty>
            <Group i:nil="true" />
            <LabelText i:nil="true" />        
            <Name>BiomeRarityScale</Name>            
            <PropertyType>Float</PropertyType>
            <ScriptHandle>BiomeRarityScale:</ScriptHandle>
        </TCProperty>        
        <TCProperty>
            <Group i:nil="true" />
            <LabelText i:nil="true" />        
            <Name>BorderBiomes</Name>            
            <PropertyType>BiomesList</PropertyType>
            <ScriptHandle>BorderBiomes:</ScriptHandle>
        </TCProperty>        
        <TCProperty>
            <Group i:nil="true" />
            <LabelText i:nil="true" />        
            <Name>CeilingBedrock</Name>            
            <PropertyType>Bool</PropertyType>
            <ScriptHandle>CeilingBedrock:</ScriptHandle>
        </TCProperty>        
        <TCProperty>
            <Group i:nil="true" />
            <LabelText i:nil="true" />        
            <Name>CustomBiomes</Name>            
            <PropertyType>String</PropertyType>
            <ScriptHandle>CustomBiomes:</ScriptHandle>
        </TCProperty>        
        <TCProperty>
            <Group i:nil="true" />
            <LabelText i:nil="true" />        
            <Name>DisableBedrock</Name>            
            <PropertyType>Bool</PropertyType>
            <ScriptHandle>DisableBedrock:</ScriptHandle>
        </TCProperty>
        <TCProperty>
            <Group i:nil="true" />
            <LabelText i:nil="true" />        
            <Name>EvenCaveDistrubution</Name>            
            <PropertyType>Bool</PropertyType>
            <ScriptHandle>EvenCaveDistrubution:</ScriptHandle>
        </TCProperty>
        <TCProperty>
            <Group i:nil="true" />
            <LabelText i:nil="true" />        
            <Name>FlatBedrock</Name>            
            <PropertyType>Bool</PropertyType>
            <ScriptHandle>FlatBedrock:</ScriptHandle>
        </TCProperty>        
        <TCProperty>
            <Group i:nil="true" />
            <LabelText i:nil="true" />        
            <Name>FractureHorizontal</Name>            
            <PropertyType>Float</PropertyType>
            <ScriptHandle>FractureHorizontal:</ScriptHandle>
        </TCProperty>        
        <TCProperty>
            <Group i:nil="true" />
            <LabelText i:nil="true" />        
            <Name>FractureVertical</Name>            
            <PropertyType>Float</PropertyType>
            <ScriptHandle>FractureVertical:</ScriptHandle>
        </TCProperty>        
        <TCProperty>
            <Group i:nil="true" />
            <LabelText i:nil="true" />        
            <Name>FrozenOcean</Name>            
            <PropertyType>Bool</PropertyType>
            <ScriptHandle>FrozenOcean:</ScriptHandle>
        </TCProperty>        
        <TCProperty>
            <Group i:nil="true" />
            <LabelText i:nil="true" />        
            <Name>GenerationDepth</Name>            
            <PropertyType>Float</PropertyType>
            <ScriptHandle>GenerationDepth:</ScriptHandle>
        </TCProperty>        
        <TCProperty>
            <Group i:nil="true" />
            <LabelText i:nil="true" />        
            <Name>IceBiomes</Name>            
            <PropertyType>BiomesList</PropertyType>
            <ScriptHandle>IceBiomes:</ScriptHandle>
        </TCProperty>        
        <TCProperty>
            <Group i:nil="true" />
            <LabelText i:nil="true" />        
            <Name>IceBlock</Name>            
            <PropertyType>String</PropertyType>
            <ScriptHandle>IceBlock:</ScriptHandle>
        </TCProperty>        
        <TCProperty>
            <Group i:nil="true" />
            <LabelText i:nil="true" />        
            <Name>IceRarity</Name>            
            <PropertyType>Float</PropertyType>
            <ScriptHandle>IceRarity:</ScriptHandle>
        </TCProperty>        
        <TCProperty>
            <Group i:nil="true" />
            <LabelText i:nil="true" />        
            <Name>IceSize</Name>            
            <PropertyType>Float</PropertyType>
            <ScriptHandle>IceSize:</ScriptHandle>
        </TCProperty>        
        <TCProperty>
            <Group i:nil="true" />
            <LabelText i:nil="true" />        
            <Name>ImageFile</Name>            
            <PropertyType>String</PropertyType>
            <ScriptHandle>ImageFile:</ScriptHandle>
        </TCProperty>        
        <TCProperty>
            <Group i:nil="true" />
            <LabelText i:nil="true" />        
            <Name>ImageFillBiome</Name>            
            <PropertyType>String</PropertyType>
            <ScriptHandle>ImageFillBiome:</ScriptHandle>
        </TCProperty>        
        <TCProperty>
            <Group i:nil="true" />
            <LabelText i:nil="true" />        
            <Name>ImageMode</Name>            
            <PropertyType>String</PropertyType>
            <ScriptHandle>ImageMode:</ScriptHandle>
        </TCProperty>        
        <TCProperty>
            <Group i:nil="true" />
            <LabelText i:nil="true" />        
            <Name>ImageOrientation</Name>            
            <PropertyType>String</PropertyType>
            <ScriptHandle>ImageOrientation:</ScriptHandle>
        </TCProperty>        
        <TCProperty>
            <Group i:nil="true" />
            <LabelText i:nil="true" />        
            <Name>ImageXOffset</Name>            
            <PropertyType>Float</PropertyType>
            <ScriptHandle>ImageXOffset:</ScriptHandle>
        </TCProperty>        
        <TCProperty>
            <Group i:nil="true" />
            <LabelText i:nil="true" />        
            <Name>ImageZOffset</Name>            
            <PropertyType>Float</PropertyType>
            <ScriptHandle>ImageZOffset:</ScriptHandle>
        </TCProperty>        
        <TCProperty>
            <Group i:nil="true" />
            <LabelText i:nil="true" />        
            <Name>ImprovedRivers</Name>            
            <PropertyType>Bool</PropertyType>
            <ScriptHandle>ImprovedRivers:</ScriptHandle>
        </TCProperty>        
        <TCProperty>
            <Group i:nil="true" />
            <LabelText i:nil="true" />        
            <Name>IsleBiomes</Name>            
            <PropertyType>BiomesList</PropertyType>
            <ScriptHandle>IsleBiomes:</ScriptHandle>
        </TCProperty>        
        <TCProperty>
            <Group i:nil="true" />
            <LabelText i:nil="true" />        
            <Name>LandFuzzy</Name>            
            <PropertyType>Float</PropertyType>
            <ScriptHandle>LandFuzzy:</ScriptHandle>
        </TCProperty>        
        <TCProperty>
            <Group i:nil="true" />
            <LabelText i:nil="true" />        
            <Name>LandRarity</Name>            
            <PropertyType>Float</PropertyType>
            <ScriptHandle>LandRarity:</ScriptHandle>
        </TCProperty>        
        <TCProperty>
            <Group i:nil="true" />
            <LabelText i:nil="true" />        
            <Name>LandSize</Name>            
            <PropertyType>Float</PropertyType>
            <ScriptHandle>LandSize:</ScriptHandle>
        </TCProperty>        
        <TCProperty>
            <Group i:nil="true" />
            <LabelText i:nil="true" />        
            <Name>MaximumDistanceBetweenRareBuildings</Name>            
            <PropertyType>Float</PropertyType>
            <ScriptHandle>MaximumDistanceBetweenRareBuildings:</ScriptHandle>
        </TCProperty>        
        <TCProperty>
            <Group i:nil="true" />
            <LabelText i:nil="true" />        
            <Name>MineshaftsEnabled</Name>            
            <PropertyType>Bool</PropertyType>
            <ScriptHandle>MineshaftsEnabled:</ScriptHandle>
        </TCProperty>
        <TCProperty>
            <Group i:nil="true" />
            <LabelText i:nil="true" />        
            <Name>MinimumDistanceBetweenRareBuildings</Name>            
            <PropertyType>Float</PropertyType>
            <ScriptHandle>MinimumDistanceBetweenRareBuildings:</ScriptHandle>
        </TCProperty>        
        <TCProperty>
            <Group i:nil="true" />
            <LabelText i:nil="true" />
            <Name>NetherFortressesEnabled</Name>            
            <PropertyType>Bool</PropertyType>
            <ScriptHandle>NetherFortressesEnabled:</ScriptHandle>
        </TCProperty>        
        <TCProperty>
            <Group i:nil="true" />
            <LabelText i:nil="true" />        
            <Name>NormalBiomes</Name>            
            <PropertyType>BiomesList</PropertyType>
            <ScriptHandle>NormalBiomes:</ScriptHandle>
        </TCProperty>
        <TCProperty>
            <Group i:nil="true" />
            <LabelText i:nil="true" />        
            <Name>PopulationBoundsCheck</Name>
            <PropertyType>Bool</PropertyType>
            <ScriptHandle>PopulationBoundsCheck:</ScriptHandle>
        </TCProperty>                
        <TCProperty>
            <Group i:nil="true" />
            <LabelText i:nil="true" />        
            <Name>RandomRivers</Name>
            <PropertyType>Bool</PropertyType>
            <ScriptHandle>RandomRivers:</ScriptHandle>
        </TCProperty>        
        <TCProperty>
            <Group i:nil="true" />
            <LabelText i:nil="true" />        
            <Name>RareBuildingsEnabled</Name>
            <PropertyType>Bool</PropertyType>
            <ScriptHandle>RareBuildingsEnabled:</ScriptHandle>
        </TCProperty>        
        <TCProperty>
            <Group i:nil="true" />
            <LabelText i:nil="true" />        
            <Name>RemoveSurfaceStone</Name>            
            <PropertyType>Bool</PropertyType>
            <ScriptHandle>RemoveSurfaceStone:</ScriptHandle>
        </TCProperty>        
        <TCProperty>
            <Group i:nil="true" />
            <LabelText i:nil="true" />        
            <Name>ResourcesSeed</Name>            
            <PropertyType>String</PropertyType>
            <ScriptHandle>ResourcesSeed:</ScriptHandle>
        </TCProperty>        
        <TCProperty>
            <Group i:nil="true" />
            <LabelText i:nil="true" />        
            <Name>RiverRarity</Name>            
            <PropertyType>Float</PropertyType>
            <ScriptHandle>RiverRarity:</ScriptHandle>
        </TCProperty>        
        <TCProperty>
            <Group i:nil="true" />
            <LabelText i:nil="true" />        
            <Name>RiverSize</Name>            
            <PropertyType>Float</PropertyType>
            <ScriptHandle>RiverSize:</ScriptHandle>
        </TCProperty>        
        <TCProperty>
            <Group i:nil="true" />
            <LabelText i:nil="true" />        
            <Name>RiversEnabled</Name>            
            <PropertyType>Bool</PropertyType>
            <ScriptHandle>RiversEnabled:</ScriptHandle>
        </TCProperty>              
        <TCProperty>
            <Group i:nil="true" />
            <LabelText i:nil="true" />        
            <Name>SettingsMode</Name>            
            <PropertyType>String</PropertyType>
            <ScriptHandle>SettingsMode:</ScriptHandle>
        </TCProperty>
        <TCProperty>
            <Group i:nil="true" />
            <LabelText i:nil="true" />        
            <Name>StrongholdCount</Name>            
            <PropertyType>Float</PropertyType>
            <ScriptHandle>StrongholdCount:</ScriptHandle>
        </TCProperty>        
        <TCProperty>
            <Group i:nil="true" />
            <LabelText i:nil="true" />        
            <Name>StrongholdDistance</Name>            
            <PropertyType>Float</PropertyType>
            <ScriptHandle>StrongholdDistance:</ScriptHandle>
        </TCProperty>        
        <TCProperty>
            <Group i:nil="true" />
            <LabelText i:nil="true" />        
            <Name>StrongholdSpread</Name>            
            <PropertyType>Float</PropertyType>
            <ScriptHandle>StrongholdSpread:</ScriptHandle>
        </TCProperty>        
        <TCProperty>
            <Group i:nil="true" />
            <LabelText i:nil="true" />        
            <Name>StrongholdsEnabled</Name>            
            <PropertyType>Bool</PropertyType>
            <ScriptHandle>StrongholdsEnabled:</ScriptHandle>
        </TCProperty>        
        <TCProperty>
            <Group i:nil="true" />
            <LabelText i:nil="true" />        
            <Name>TerrainMode</Name>            
            <PropertyType>String</PropertyType>
            <ScriptHandle>TerrainMode:</ScriptHandle>
        </TCProperty>        
        <TCProperty>
            <Group i:nil="true" />
            <LabelText i:nil="true" />        
            <Name>VillageDistance</Name>            
            <PropertyType>Float</PropertyType>
            <ScriptHandle>VillageDistance:</ScriptHandle>
        </TCProperty>        
        <TCProperty>
            <Group i:nil="true" />
            <LabelText i:nil="true" />        
            <Name>VillageSize</Name>            
            <PropertyType>Float</PropertyType>
            <ScriptHandle>VillageSize:</ScriptHandle>
        </TCProperty>        
        <TCProperty>
            <Group i:nil="true" />
            <LabelText i:nil="true" />        
            <Name>VillagesEnabled</Name>            
            <PropertyType>Bool</PropertyType>
            <ScriptHandle>VillagesEnabled:</ScriptHandle>
        </TCProperty>        
        <TCProperty>
            <Group i:nil="true" />
            <LabelText i:nil="true" />        
            <Name>WaterBlock</Name>            
            <PropertyType>String</PropertyType>
            <ScriptHandle>WaterBlock:</ScriptHandle>
        </TCProperty>        
        <TCProperty>
            <Group i:nil="true" />
            <LabelText i:nil="true" />        
            <Name>WaterLevelMax</Name>            
            <PropertyType>Float</PropertyType>
            <ScriptHandle>WaterLevelMax:</ScriptHandle>
        </TCProperty>        
        <TCProperty>
            <Group i:nil="true" />
            <LabelText i:nil="true" />        
            <Name>WaterLevelMin</Name>
            <PropertyType>Float</PropertyType>
            <ScriptHandle>WaterLevelMin:</ScriptHandle>
        </TCProperty>        
        <TCProperty>
            <Group i:nil="true" />
            <LabelText i:nil="true" />        
            <Name>WorldFog</Name>
            <PropertyType>Color</PropertyType>
            <ScriptHandle>WorldFog:</ScriptHandle>
        </TCProperty>        
        <TCProperty>
            <Group i:nil="true" />
            <LabelText i:nil="true" />        
            <Name>WorldHeightCapBits</Name>
            <PropertyType>Float</PropertyType>
            <ScriptHandle>WorldHeightCapBits:</ScriptHandle>
        </TCProperty>        
        <TCProperty>
            <Group i:nil="true" />
            <LabelText i:nil="true" />        
            <Name>WorldHeightScaleBits</Name>
            <PropertyType>Float</PropertyType>
            <ScriptHandle>WorldHeightScaleBits:</ScriptHandle>
        </TCProperty>        
        <TCProperty>
            <Group i:nil="true" />
            <LabelText i:nil="true" />        
            <Name>WorldNightFog</Name>
            <PropertyType>Color</PropertyType>
            <ScriptHandle>WorldNightFog:</ScriptHandle>
        </TCProperty>        
        <TCProperty>
            <Group i:nil="true" />
            <LabelText i:nil="true" />        
            <Name>canyonDepth</Name>
            <PropertyType>Float</PropertyType>
            <ScriptHandle>canyonDepth:</ScriptHandle>
        </TCProperty>        
        <TCProperty>
            <Group i:nil="true" />
            <LabelText i:nil="true" />        
            <Name>canyonMaxAltitude</Name>            
            <PropertyType>Float</PropertyType>
            <ScriptHandle>canyonMaxAltitude:</ScriptHandle>
        </TCProperty>        
        <TCProperty>
            <Group i:nil="true" />
            <LabelText i:nil="true" />        
            <Name>canyonMaxLength</Name>
            <PropertyType>Float</PropertyType>
            <ScriptHandle>canyonMaxLength:</ScriptHandle>
        </TCProperty>        
        <TCProperty>
            <Group i:nil="true" />
            <LabelText i:nil="true" />        
            <Name>canyonMinAltitude</Name>
            <PropertyType>Float</PropertyType>
            <ScriptHandle>canyonMinAltitude:</ScriptHandle>
        </TCProperty>        
        <TCProperty>
            <Group i:nil="true" />
            <LabelText i:nil="true" />        
            <Name>canyonMinLength</Name>
            <PropertyType>Float</PropertyType>
            <ScriptHandle>canyonMinLength:</ScriptHandle>
        </TCProperty>        
        <TCProperty>
            <Group i:nil="true" />
            <LabelText i:nil="true" />        
            <Name>canyonRarity</Name>
            <PropertyType>Float</PropertyType>
            <ScriptHandle>canyonRarity:</ScriptHandle>
        </TCProperty>        
        <TCProperty>
            <Group i:nil="true" />
            <LabelText i:nil="true" />        
            <Name>caveFrequency</Name>
            <PropertyType>Float</PropertyType>
            <ScriptHandle>caveFrequency:</ScriptHandle>
        </TCProperty>        
        <TCProperty>
            <Group i:nil="true" />
            <LabelText i:nil="true" />        
            <Name>caveMaxAltitude</Name>
            <PropertyType>Float</PropertyType>
            <ScriptHandle>caveMaxAltitude:</ScriptHandle>
        </TCProperty>        
        <TCProperty>
            <Group i:nil="true" />
            <LabelText i:nil="true" />        
            <Name>caveMinAltitude</Name>
            <PropertyType>Float</PropertyType>
            <ScriptHandle>caveMinAltitude:</ScriptHandle>
        </TCProperty>        
        <TCProperty>
            <Group i:nil="true" />
            <LabelText i:nil="true" />        
            <Name>caveRarity</Name>
            <PropertyType>Float</PropertyType>
            <ScriptHandle>caveRarity:</ScriptHandle>
        </TCProperty>        
        <TCProperty>
            <Group i:nil="true" />
            <LabelText i:nil="true" />        
            <Name>caveSystemFrequency</Name>
            <PropertyType>Float</PropertyType>
            <ScriptHandle>caveSystemFrequency:</ScriptHandle>
        </TCProperty>        
        <TCProperty>
            <Group i:nil="true" />
            <LabelText i:nil="true" />        
            <Name>caveSystemPocketChance</Name>
            <PropertyType>Float</PropertyType>
            <ScriptHandle>caveSystemPocketChance:</ScriptHandle>
        </TCProperty>        
        <TCProperty>
            <Group i:nil="true" />
            <LabelText i:nil="true" />        
            <Name>caveSystemPocketMaxSize</Name>
            <PropertyType>Float</PropertyType>
            <ScriptHandle>caveSystemPocketMaxSize:</ScriptHandle>
        </TCProperty>
        <TCProperty>
            <Group i:nil="true" />
            <LabelText i:nil="true" />        
            <Name>caveSystemPocketMinSize</Name>
            <PropertyType>Float</PropertyType>
            <ScriptHandle>caveSystemPocketMinSize:</ScriptHandle>
        </TCProperty>             
        <TCProperty>
            <Group i:nil="true" />
            <LabelText i:nil="true" />        
            <Name>individualCaveRarity</Name>
            <PropertyType>Float</PropertyType>
            <ScriptHandle>individualCaveRarity:</ScriptHandle>
        </TCProperty>        
        <TCProperty>
            <Group i:nil="true" />
            <LabelText i:nil="true" />        
            <Name>maxMoisture</Name>
            <PropertyType>Float</PropertyType>
            <ScriptHandle>maxMoisture:</ScriptHandle>
        </TCProperty>        
        <TCProperty>
            <Group i:nil="true" />
            <LabelText i:nil="true" />        
            <Name>maxTemperature</Name>
            <PropertyType>Float</PropertyType>
            <ScriptHandle>maxTemperature:</ScriptHandle>
        </TCProperty>
        <TCProperty>
            <Group i:nil="true" />
            <LabelText i:nil="true" />        
            <Name>minMoisture</Name>
            <PropertyType>Float</PropertyType>
            <ScriptHandle>minMoisture:</ScriptHandle>
        </TCProperty>        
        <TCProperty>
            <Group i:nil="true" />
            <LabelText i:nil="true" />        
            <Name>minTemperature</Name>
            <PropertyType>Float</PropertyType>
            <ScriptHandle>minTemperature:</ScriptHandle>
        </TCProperty>        
        <TCProperty>
            <Group i:nil="true" />
            <LabelText i:nil="true" />        
            <Name>oldBiomeSize</Name>
            <PropertyType>Float</PropertyType>
            <ScriptHandle>oldBiomeSize:</ScriptHandle>
        </TCProperty>
		<TCProperty>
			<Group i:nil="true" />
			<LabelText i:nil="true" />
			<Name>Author</Name>
			<PropertyType>String</PropertyType>
			<ScriptHandle>Author:</ScriptHandle>
			<Optional>true</Optional>
		</TCProperty>
		<TCProperty>
			<Group i:nil="true" />
			<LabelText i:nil="true" />
			<Name>Description</Name>
			<PropertyType>String</PropertyType>
			<ScriptHandle>Description:</ScriptHandle>
			<Optional>true</Optional>
		</TCProperty>
		<TCProperty>
			<Group i:nil="true" />
			<LabelText i:nil="true" />
			<Name>WorldSeed</Name>
			<PropertyType>String</PropertyType>
			<ScriptHandle>WorldSeed:</ScriptHandle>
			<Optional>true</Optional>
		</TCProperty>
    </WorldConfig> 
</VersionConfig>