<SettingsFile xmlns:i="http://www.w3.org/2001/XMLSchema-instance" xmlns="http://schemas.datacontract.org/2004/07/TCEE">
  <BiomeGroups />
  <WorldConfig>
    <Properties>
      <Property>
        <Merge>false</Merge>
        <Override>false</Override>
        <OverrideParentValues>true</OverrideParentValues>
        <PropertyName>BedrockobBlock</PropertyName>
        <Value i:nil="true" />
      </Property>
      <Property>
        <Merge>false</Merge>
        <Override>false</Override>
        <OverrideParentValues>true</OverrideParentValues>
        <PropertyName>BiomeMode</PropertyName>
        <Value i:nil="true" />
      </Property>
      <Property>
        <Merge>false</Merge>
        <Override>false</Override>
        <OverrideParentValues>true</OverrideParentValues>
        <PropertyName>BiomeRarityScale</PropertyName>
        <Value i:nil="true" />
      </Property>
      <Property>
        <Merge>false</Merge>
        <Override>true</Override>
        <OverrideParentValues>false</OverrideParentValues>
        <PropertyName>BorderBiomes</PropertyName>
        <Value />
      </Property>
      <Property>
        <Merge>false</Merge>
        <Override>false</Override>
        <OverrideParentValues>true</OverrideParentValues>
        <PropertyName>CeilingBedrock</PropertyName>
        <Value i:nil="true" />
      </Property>
      <Property>
        <Merge>false</Merge>
        <Override>false</Override>
        <OverrideParentValues>true</OverrideParentValues>
        <PropertyName>CustomBiomes</PropertyName>
        <Value i:nil="true" />
      </Property>
      <Property>
        <Merge>false</Merge>
        <Override>false</Override>
        <OverrideParentValues>true</OverrideParentValues>
        <PropertyName>DisableBedrock</PropertyName>
        <Value i:nil="true" />
      </Property>
      <Property>
        <Merge>false</Merge>
        <Override>false</Override>
        <OverrideParentValues>true</OverrideParentValues>
        <PropertyName>EvenCaveDistrubution</PropertyName>
        <Value i:nil="true" />
      </Property>
      <Property>
        <Merge>false</Merge>
        <Override>false</Override>
        <OverrideParentValues>true</OverrideParentValues>
        <PropertyName>FlatBedrock</PropertyName>
        <Value i:nil="true" />
      </Property>
      <Property>
        <Merge>false</Merge>
        <Override>false</Override>
        <OverrideParentValues>true</OverrideParentValues>
        <PropertyName>FractureHorizontal</PropertyName>
        <Value i:nil="true" />
      </Property>
      <Property>
        <Merge>false</Merge>
        <Override>false</Override>
        <OverrideParentValues>true</OverrideParentValues>
        <PropertyName>FractureVertical</PropertyName>
        <Value i:nil="true" />
      </Property>
      <Property>
        <Merge>false</Merge>
        <Override>false</Override>
        <OverrideParentValues>true</OverrideParentValues>
        <PropertyName>FrozenOcean</PropertyName>
        <Value i:nil="true" />
      </Property>
      <Property>
        <Merge>false</Merge>
        <Override>false</Override>
        <OverrideParentValues>true</OverrideParentValues>
        <PropertyName>GenerationDepth</PropertyName>
        <Value i:nil="true" />
      </Property>
      <Property>
        <Merge>false</Merge>
        <Override>true</Override>
        <OverrideParentValues>false</OverrideParentValues>
        <PropertyName>IceBiomes</PropertyName>
        <Value />
      </Property>
      <Property>
        <Merge>false</Merge>
        <Override>false</Override>
        <OverrideParentValues>true</OverrideParentValues>
        <PropertyName>IceBlock</PropertyName>
        <Value i:nil="true" />
      </Property>
      <Property>
        <Merge>false</Merge>
        <Override>false</Override>
        <OverrideParentValues>true</OverrideParentValues>
        <PropertyName>IceRarity</PropertyName>
        <Value i:nil="true" />
      </Property>
      <Property>
        <Merge>false</Merge>
        <Override>false</Override>
        <OverrideParentValues>true</OverrideParentValues>
        <PropertyName>IceSize</PropertyName>
        <Value i:nil="true" />
      </Property>
      <Property>
        <Merge>false</Merge>
        <Override>false</Override>
        <OverrideParentValues>true</OverrideParentValues>
        <PropertyName>ImageFile</PropertyName>
        <Value i:nil="true" />
      </Property>
      <Property>
        <Merge>false</Merge>
        <Override>false</Override>
        <OverrideParentValues>true</OverrideParentValues>
        <PropertyName>ImageFillBiome</PropertyName>
        <Value i:nil="true" />
      </Property>
      <Property>
        <Merge>false</Merge>
        <Override>false</Override>
        <OverrideParentValues>true</OverrideParentValues>
        <PropertyName>ImageMode</PropertyName>
        <Value i:nil="true" />
      </Property>
      <Property>
        <Merge>false</Merge>
        <Override>false</Override>
        <OverrideParentValues>true</OverrideParentValues>
        <PropertyName>ImageOrientation</PropertyName>
        <Value i:nil="true" />
      </Property>
      <Property>
        <Merge>false</Merge>
        <Override>false</Override>
        <OverrideParentValues>true</OverrideParentValues>
        <PropertyName>ImageXOffset</PropertyName>
        <Value i:nil="true" />
      </Property>
      <Property>
        <Merge>false</Merge>
        <Override>false</Override>
        <OverrideParentValues>true</OverrideParentValues>
        <PropertyName>ImageZOffset</PropertyName>
        <Value i:nil="true" />
      </Property>
      <Property>
        <Merge>false</Merge>
        <Override>false</Override>
        <OverrideParentValues>true</OverrideParentValues>
        <PropertyName>ImprovedRivers</PropertyName>
        <Value i:nil="true" />
      </Property>
      <Property>
        <Merge>false</Merge>
        <Override>true</Override>
        <OverrideParentValues>false</OverrideParentValues>
        <PropertyName>IsleBiomes</PropertyName>
        <Value />
      </Property>
      <Property>
        <Merge>false</Merge>
        <Override>false</Override>
        <OverrideParentValues>true</OverrideParentValues>
        <PropertyName>LandFuzzy</PropertyName>
        <Value i:nil="true" />
      </Property>
      <Property>
        <Merge>false</Merge>
        <Override>true</Override>
        <OverrideParentValues>false</OverrideParentValues>
        <PropertyName>LandRarity</PropertyName>
        <Value>100</Value>
      </Property>
      <Property>
        <Merge>false</Merge>
        <Override>false</Override>
        <OverrideParentValues>true</OverrideParentValues>
        <PropertyName>LandSize</PropertyName>
        <Value i:nil="true" />
      </Property>
      <Property>
        <Merge>false</Merge>
        <Override>false</Override>
        <OverrideParentValues>true</OverrideParentValues>
        <PropertyName>MaximumDistanceBetweenRareBuildings</PropertyName>
        <Value i:nil="true" />
      </Property>
      <Property>
        <Merge>false</Merge>
        <Override>false</Override>
        <OverrideParentValues>true</OverrideParentValues>
        <PropertyName>MineshaftsEnabled</PropertyName>
        <Value i:nil="true" />
      </Property>
      <Property>
        <Merge>false</Merge>
        <Override>false</Override>
        <OverrideParentValues>true</OverrideParentValues>
        <PropertyName>MinimumDistanceBetweenRareBuildings</PropertyName>
        <Value i:nil="true" />
      </Property>
      <Property>
        <Merge>false</Merge>
        <Override>false</Override>
        <OverrideParentValues>true</OverrideParentValues>
        <PropertyName>NetherFortressesEnabled</PropertyName>
        <Value i:nil="true" />
      </Property>
      <Property>
        <Merge>false</Merge>
        <Override>true</Override>
        <OverrideParentValues>false</OverrideParentValues>
        <PropertyName>NormalBiomes</PropertyName>
        <Value>Plains</Value>
      </Property>
      <Property>
        <Merge>false</Merge>
        <Override>false</Override>
        <OverrideParentValues>true</OverrideParentValues>
        <PropertyName>PopulationBoundsCheck</PropertyName>
        <Value i:nil="true" />
      </Property>
      <Property>
        <Merge>false</Merge>
        <Override>false</Override>
        <OverrideParentValues>true</OverrideParentValues>
        <PropertyName>RandomRivers</PropertyName>
        <Value i:nil="true" />
      </Property>
      <Property>
        <Merge>false</Merge>
        <Override>false</Override>
        <OverrideParentValues>true</OverrideParentValues>
        <PropertyName>RareBuildingsEnabled</PropertyName>
        <Value i:nil="true" />
      </Property>
      <Property>
        <Merge>false</Merge>
        <Override>false</Override>
        <OverrideParentValues>true</OverrideParentValues>
        <PropertyName>RemoveSurfaceStone</PropertyName>
        <Value i:nil="true" />
      </Property>
      <Property>
        <Merge>false</Merge>
        <Override>false</Override>
        <OverrideParentValues>true</OverrideParentValues>
        <PropertyName>ResourcesSeed</PropertyName>
        <Value i:nil="true" />
      </Property>
      <Property>
        <Merge>false</Merge>
        <Override>false</Override>
        <OverrideParentValues>true</OverrideParentValues>
        <PropertyName>RiverRarity</PropertyName>
        <Value i:nil="true" />
      </Property>
      <Property>
        <Merge>false</Merge>
        <Override>false</Override>
        <OverrideParentValues>true</OverrideParentValues>
        <PropertyName>RiverSize</PropertyName>
        <Value i:nil="true" />
      </Property>
      <Property>
        <Merge>false</Merge>
        <Override>true</Override>
        <OverrideParentValues>false</OverrideParentValues>
        <PropertyName>RiversEnabled</PropertyName>
        <Value>false</Value>
      </Property>
      <Property>
        <Merge>false</Merge>
        <Override>false</Override>
        <OverrideParentValues>true</OverrideParentValues>
        <PropertyName>SettingsMode</PropertyName>
        <Value i:nil="true" />
      </Property>
      <Property>
        <Merge>false</Merge>
        <Override>false</Override>
        <OverrideParentValues>true</OverrideParentValues>
        <PropertyName>StrongholdCount</PropertyName>
        <Value i:nil="true" />
      </Property>
      <Property>
        <Merge>false</Merge>
        <Override>false</Override>
        <OverrideParentValues>true</OverrideParentValues>
        <PropertyName>StrongholdDistance</PropertyName>
        <Value i:nil="true" />
      </Property>
      <Property>
        <Merge>false</Merge>
        <Override>false</Override>
        <OverrideParentValues>true</OverrideParentValues>
        <PropertyName>StrongholdSpread</PropertyName>
        <Value i:nil="true" />
      </Property>
      <Property>
        <Merge>false</Merge>
        <Override>false</Override>
        <OverrideParentValues>true</OverrideParentValues>
        <PropertyName>StrongholdsEnabled</PropertyName>
        <Value i:nil="true" />
      </Property>
      <Property>
        <Merge>false</Merge>
        <Override>false</Override>
        <OverrideParentValues>true</OverrideParentValues>
        <PropertyName>TerrainMode</PropertyName>
        <Value i:nil="true" />
      </Property>
      <Property>
        <Merge>false</Merge>
        <Override>false</Override>
        <OverrideParentValues>true</OverrideParentValues>
        <PropertyName>VillageDistance</PropertyName>
        <Value i:nil="true" />
      </Property>
      <Property>
        <Merge>false</Merge>
        <Override>false</Override>
        <OverrideParentValues>true</OverrideParentValues>
        <PropertyName>VillageSize</PropertyName>
        <Value i:nil="true" />
      </Property>
      <Property>
        <Merge>false</Merge>
        <Override>false</Override>
        <OverrideParentValues>true</OverrideParentValues>
        <PropertyName>VillagesEnabled</PropertyName>
        <Value i:nil="true" />
      </Property>
      <Property>
        <Merge>false</Merge>
        <Override>false</Override>
        <OverrideParentValues>true</OverrideParentValues>
        <PropertyName>WaterBlock</PropertyName>
        <Value i:nil="true" />
      </Property>
      <Property>
        <Merge>false</Merge>
        <Override>false</Override>
        <OverrideParentValues>true</OverrideParentValues>
        <PropertyName>WaterLevelMax</PropertyName>
        <Value i:nil="true" />
      </Property>
      <Property>
        <Merge>false</Merge>
        <Override>false</Override>
        <OverrideParentValues>true</OverrideParentValues>
        <PropertyName>WaterLevelMin</PropertyName>
        <Value i:nil="true" />
      </Property>
      <Property>
        <Merge>false</Merge>
        <Override>false</Override>
        <OverrideParentValues>true</OverrideParentValues>
        <PropertyName>WorldFog</PropertyName>
        <Value i:nil="true" />
      </Property>
      <Property>
        <Merge>false</Merge>
        <Override>false</Override>
        <OverrideParentValues>true</OverrideParentValues>
        <PropertyName>WorldHeightCapBits</PropertyName>
        <Value i:nil="true" />
      </Property>
      <Property>
        <Merge>false</Merge>
        <Override>false</Override>
        <OverrideParentValues>true</OverrideParentValues>
        <PropertyName>WorldHeightScaleBits</PropertyName>
        <Value i:nil="true" />
      </Property>
      <Property>
        <Merge>false</Merge>
        <Override>false</Override>
        <OverrideParentValues>true</OverrideParentValues>
        <PropertyName>WorldNightFog</PropertyName>
        <Value i:nil="true" />
      </Property>
      <Property>
        <Merge>false</Merge>
        <Override>false</Override>
        <OverrideParentValues>true</OverrideParentValues>
        <PropertyName>canyonDepth</PropertyName>
        <Value i:nil="true" />
      </Property>
      <Property>
        <Merge>false</Merge>
        <Override>false</Override>
        <OverrideParentValues>true</OverrideParentValues>
        <PropertyName>canyonMaxAltitude</PropertyName>
        <Value i:nil="true" />
      </Property>
      <Property>
        <Merge>false</Merge>
        <Override>false</Override>
        <OverrideParentValues>true</OverrideParentValues>
        <PropertyName>canyonMaxLength</PropertyName>
        <Value i:nil="true" />
      </Property>
      <Property>
        <Merge>false</Merge>
        <Override>false</Override>
        <OverrideParentValues>true</OverrideParentValues>
        <PropertyName>canyonMinAltitude</PropertyName>
        <Value i:nil="true" />
      </Property>
      <Property>
        <Merge>false</Merge>
        <Override>false</Override>
        <OverrideParentValues>true</OverrideParentValues>
        <PropertyName>canyonMinLength</PropertyName>
        <Value i:nil="true" />
      </Property>
      <Property>
        <Merge>false</Merge>
        <Override>false</Override>
        <OverrideParentValues>true</OverrideParentValues>
        <PropertyName>canyonRarity</PropertyName>
        <Value i:nil="true" />
      </Property>
      <Property>
        <Merge>false</Merge>
        <Override>false</Override>
        <OverrideParentValues>true</OverrideParentValues>
        <PropertyName>caveFrequency</PropertyName>
        <Value i:nil="true" />
      </Property>
      <Property>
        <Merge>false</Merge>
        <Override>false</Override>
        <OverrideParentValues>true</OverrideParentValues>
        <PropertyName>caveMaxAltitude</PropertyName>
        <Value i:nil="true" />
      </Property>
      <Property>
        <Merge>false</Merge>
        <Override>false</Override>
        <OverrideParentValues>true</OverrideParentValues>
        <PropertyName>caveMinAltitude</PropertyName>
        <Value i:nil="true" />
      </Property>
      <Property>
        <Merge>false</Merge>
        <Override>false</Override>
        <OverrideParentValues>true</OverrideParentValues>
        <PropertyName>caveRarity</PropertyName>
        <Value i:nil="true" />
      </Property>
      <Property>
        <Merge>false</Merge>
        <Override>false</Override>
        <OverrideParentValues>true</OverrideParentValues>
        <PropertyName>caveSystemFrequency</PropertyName>
        <Value i:nil="true" />
      </Property>
      <Property>
        <Merge>false</Merge>
        <Override>false</Override>
        <OverrideParentValues>true</OverrideParentValues>
        <PropertyName>caveSystemPocketChance</PropertyName>
        <Value i:nil="true" />
      </Property>
      <Property>
        <Merge>false</Merge>
        <Override>false</Override>
        <OverrideParentValues>true</OverrideParentValues>
        <PropertyName>caveSystemPocketMaxSize</PropertyName>
        <Value i:nil="true" />
      </Property>
      <Property>
        <Merge>false</Merge>
        <Override>false</Override>
        <OverrideParentValues>true</OverrideParentValues>
        <PropertyName>caveSystemPocketMinSize</PropertyName>
        <Value i:nil="true" />
      </Property>
      <Property>
        <Merge>false</Merge>
        <Override>false</Override>
        <OverrideParentValues>true</OverrideParentValues>
        <PropertyName>individualCaveRarity</PropertyName>
        <Value i:nil="true" />
      </Property>
      <Property>
        <Merge>false</Merge>
        <Override>false</Override>
        <OverrideParentValues>true</OverrideParentValues>
        <PropertyName>maxMoisture</PropertyName>
        <Value i:nil="true" />
      </Property>
      <Property>
        <Merge>false</Merge>
        <Override>false</Override>
        <OverrideParentValues>true</OverrideParentValues>
        <PropertyName>maxTemperature</PropertyName>
        <Value i:nil="true" />
      </Property>
      <Property>
        <Merge>false</Merge>
        <Override>false</Override>
        <OverrideParentValues>true</OverrideParentValues>
        <PropertyName>minMoisture</PropertyName>
        <Value i:nil="true" />
      </Property>
      <Property>
        <Merge>false</Merge>
        <Override>false</Override>
        <OverrideParentValues>true</OverrideParentValues>
        <PropertyName>minTemperature</PropertyName>
        <Value i:nil="true" />
      </Property>
      <Property>
        <Merge>false</Merge>
        <Override>false</Override>
        <OverrideParentValues>true</OverrideParentValues>
        <PropertyName>oldBiomeSize</PropertyName>
        <Value i:nil="true" />
      </Property>
      <Property>
        <Merge>false</Merge>
        <Override>false</Override>
        <OverrideParentValues>false</OverrideParentValues>
        <PropertyName>Author</PropertyName>
        <Value i:nil="true" />
      </Property>
      <Property>
        <Merge>false</Merge>
        <Override>true</Override>
        <OverrideParentValues>false</OverrideParentValues>
        <PropertyName>Description</PropertyName>
        <Value>This world configuration demonstrates how to make a world that consists of only one biome. All biomes but one have had their rarity set to zero and have been removed from all biome lists in the world settings. LandRarity set to 100 to prevent oceans from spawning. Rivers disabled.</Value>
      </Property>
    </Properties>
  </WorldConfig>
</SettingsFile>