<SettingsFile xmlns:i="http://www.w3.org/2001/XMLSchema-instance" xmlns="http://schemas.datacontract.org/2004/07/TCEE">
  <BiomeGroups>
    <Group>
      <BiomeConfig>
        <FileName>Void.bc</FileName>
        <Properties>
          <Property>
            <Merge>false</Merge>
            <Override>false</Override>
            <OverrideParentValues>false</OverrideParentValues>
            <PropertyName>BiomeExtends</PropertyName>
            <Value i:nil="true" />
          </Property>
          <Property>
            <Merge>false</Merge>
            <Override>false</Override>
            <OverrideParentValues>false</OverrideParentValues>
            <PropertyName>ResourceInheritance</PropertyName>
            <Value i:nil="true" />
          </Property>
          <Property>
            <Merge>false</Merge>
            <Override>false</Override>
            <OverrideParentValues>false</OverrideParentValues>
            <PropertyName>BiomeSize</PropertyName>
            <Value i:nil="true" />
          </Property>
          <Property>
            <Merge>false</Merge>
            <Override>false</Override>
            <OverrideParentValues>false</OverrideParentValues>
            <PropertyName>BiomeRarity</PropertyName>
            <Value i:nil="true" />
          </Property>
          <Property>
            <Merge>false</Merge>
            <Override>false</Override>
            <OverrideParentValues>false</OverrideParentValues>
            <PropertyName>BiomeColor</PropertyName>
            <Value i:nil="true" />
          </Property>
          <Property>
            <Merge>false</Merge>
            <Override>true</Override>
            <OverrideParentValues>false</OverrideParentValues>
            <PropertyName>ReplaceToBiomeName</PropertyName>
            <Value>The Void</Value>
          </Property>
          <Property>
            <Merge>false</Merge>
            <Override>false</Override>
            <OverrideParentValues>false</OverrideParentValues>
            <PropertyName>IsleInBiome</PropertyName>
            <Value i:nil="true" />
          </Property>
          <Property>
            <Merge>false</Merge>
            <Override>false</Override>
            <OverrideParentValues>false</OverrideParentValues>
            <PropertyName>BiomeSizeWhenIsle</PropertyName>
            <Value i:nil="true" />
          </Property>
          <Property>
            <Merge>false</Merge>
            <Override>false</Override>
            <OverrideParentValues>false</OverrideParentValues>
            <PropertyName>BiomeRarityWhenIsle</PropertyName>
            <Value i:nil="true" />
          </Property>
          <Property>
            <Merge>false</Merge>
            <Override>false</Override>
            <OverrideParentValues>false</OverrideParentValues>
            <PropertyName>BiomeIsBorder</PropertyName>
            <Value i:nil="true" />
          </Property>
          <Property>
            <Merge>false</Merge>
            <Override>false</Override>
            <OverrideParentValues>false</OverrideParentValues>
            <PropertyName>NotBorderNear</PropertyName>
            <Value i:nil="true" />
          </Property>
          <Property>
            <Merge>false</Merge>
            <Override>false</Override>
            <OverrideParentValues>false</OverrideParentValues>
            <PropertyName>BiomeSizeWhenBorder</PropertyName>
            <Value i:nil="true" />
          </Property>
          <Property>
            <Merge>false</Merge>
            <Override>true</Override>
            <OverrideParentValues>false</OverrideParentValues>
            <PropertyName>BiomeHeight</PropertyName>
            <Value>-10.0</Value>
          </Property>
          <Property>
            <Merge>false</Merge>
            <Override>true</Override>
            <OverrideParentValues>false</OverrideParentValues>
            <PropertyName>BiomeVolatility</PropertyName>
            <Value>0.0</Value>
          </Property>
          <Property>
            <Merge>false</Merge>
            <Override>false</Override>
            <OverrideParentValues>false</OverrideParentValues>
            <PropertyName>SmoothRadius</PropertyName>
            <Value i:nil="true" />
          </Property>
          <Property>
            <Merge>false</Merge>
            <Override>false</Override>
            <OverrideParentValues>false</OverrideParentValues>
            <PropertyName>MaxAverageHeight</PropertyName>
            <Value i:nil="true" />
          </Property>
          <Property>
            <Merge>false</Merge>
            <Override>false</Override>
            <OverrideParentValues>false</OverrideParentValues>
            <PropertyName>MaxAverageDepth</PropertyName>
            <Value i:nil="true" />
          </Property>
          <Property>
            <Merge>false</Merge>
            <Override>false</Override>
            <OverrideParentValues>false</OverrideParentValues>
            <PropertyName>Volatility1</PropertyName>
            <Value i:nil="true" />
          </Property>
          <Property>
            <Merge>false</Merge>
            <Override>false</Override>
            <OverrideParentValues>false</OverrideParentValues>
            <PropertyName>Volatility2</PropertyName>
            <Value i:nil="true" />
          </Property>
          <Property>
            <Merge>false</Merge>
            <Override>false</Override>
            <OverrideParentValues>false</OverrideParentValues>
            <PropertyName>VolatilityWeight1</PropertyName>
            <Value i:nil="true" />
          </Property>
          <Property>
            <Merge>false</Merge>
            <Override>false</Override>
            <OverrideParentValues>false</OverrideParentValues>
            <PropertyName>VolatilityWeight2</PropertyName>
            <Value i:nil="true" />
          </Property>
          <Property>
            <Merge>false</Merge>
            <Override>true</Override>
            <OverrideParentValues>false</OverrideParentValues>
            <PropertyName>DisableBiomeHeight</PropertyName>
            <Value>false</Value>
          </Property>
          <Property>
            <Merge>false</Merge>
            <Override>true</Override>
            <OverrideParentValues>false</OverrideParentValues>
            <PropertyName>CustomHeightControl</PropertyName>
            <Value>0.0, 0.0, 0.0, 0.0, 0.0, 0.0, 0.0, 0.0, 0.0, 0.0, 0.0, 0.0, 0.0, 0.0, 0.0, 0.0, 0.0, 0.0, 0.0, 0.0, 0.0, 0.0, 0.0, 0.0, 0.0, 0.0, 0.0, 0.0, 0.0, 0.0, 0.0, 0.0, 0.0</Value>
          </Property>
          <Property>
            <Merge>false</Merge>
            <Override>false</Override>
            <OverrideParentValues>false</OverrideParentValues>
            <PropertyName>RiverBiome</PropertyName>
            <Value i:nil="true" />
          </Property>
          <Property>
            <Merge>false</Merge>
            <Override>false</Override>
            <OverrideParentValues>false</OverrideParentValues>
            <PropertyName>RiverHeight</PropertyName>
            <Value i:nil="true" />
          </Property>
          <Property>
            <Merge>false</Merge>
            <Override>false</Override>
            <OverrideParentValues>false</OverrideParentValues>
            <PropertyName>RiverVolatility</PropertyName>
            <Value i:nil="true" />
          </Property>
          <Property>
            <Merge>false</Merge>
            <Override>false</Override>
            <OverrideParentValues>false</OverrideParentValues>
            <PropertyName>RiverWaterLevel</PropertyName>
            <Value i:nil="true" />
          </Property>
          <Property>
            <Merge>false</Merge>
            <Override>false</Override>
            <OverrideParentValues>false</OverrideParentValues>
            <PropertyName>RiverCustomHeightControl</PropertyName>
            <Value i:nil="true" />
          </Property>
          <Property>
            <Merge>false</Merge>
            <Override>false</Override>
            <OverrideParentValues>false</OverrideParentValues>
            <PropertyName>StoneBlock</PropertyName>
            <Value i:nil="true" />
          </Property>
          <Property>
            <Merge>false</Merge>
            <Override>false</Override>
            <OverrideParentValues>false</OverrideParentValues>
            <PropertyName>SurfaceBlock</PropertyName>
            <Value i:nil="true" />
          </Property>
          <Property>
            <Merge>false</Merge>
            <Override>false</Override>
            <OverrideParentValues>false</OverrideParentValues>
            <PropertyName>GroundBlock</PropertyName>
            <Value i:nil="true" />
          </Property>
          <Property>
            <Merge>false</Merge>
            <Override>false</Override>
            <OverrideParentValues>false</OverrideParentValues>
            <PropertyName>SurfaceAndGroundControl</PropertyName>
            <Value i:nil="true" />
          </Property>
          <Property>
            <Merge>false</Merge>
            <Override>false</Override>
            <OverrideParentValues>false</OverrideParentValues>
            <PropertyName>ReplacedBlocks</PropertyName>
            <Value i:nil="true" />
          </Property>
          <Property>
            <Merge>false</Merge>
            <Override>false</Override>
            <OverrideParentValues>false</OverrideParentValues>
            <PropertyName>UseWorldWaterLevel</PropertyName>
            <Value i:nil="true" />
          </Property>
          <Property>
            <Merge>false</Merge>
            <Override>true</Override>
            <OverrideParentValues>false</OverrideParentValues>
            <PropertyName>WaterLevelMax</PropertyName>
            <Value>0</Value>
          </Property>
          <Property>
            <Merge>false</Merge>
            <Override>false</Override>
            <OverrideParentValues>false</OverrideParentValues>
            <PropertyName>WaterLevelMin</PropertyName>
            <Value i:nil="true" />
          </Property>
          <Property>
            <Merge>false</Merge>
            <Override>false</Override>
            <OverrideParentValues>false</OverrideParentValues>
            <PropertyName>WaterBlock</PropertyName>
            <Value i:nil="true" />
          </Property>
          <Property>
            <Merge>false</Merge>
            <Override>false</Override>
            <OverrideParentValues>false</OverrideParentValues>
            <PropertyName>IceBlock</PropertyName>
            <Value i:nil="true" />
          </Property>
          <Property>
            <Merge>false</Merge>
            <Override>false</Override>
            <OverrideParentValues>false</OverrideParentValues>
            <PropertyName>CooledLavaBlock</PropertyName>
            <Value i:nil="true" />
          </Property>
          <Property>
            <Merge>false</Merge>
            <Override>false</Override>
            <OverrideParentValues>false</OverrideParentValues>
            <PropertyName>BiomeTemperature</PropertyName>
            <Value i:nil="true" />
          </Property>
          <Property>
            <Merge>false</Merge>
            <Override>false</Override>
            <OverrideParentValues>false</OverrideParentValues>
            <PropertyName>BiomeWetness</PropertyName>
            <Value i:nil="true" />
          </Property>
          <Property>
            <Merge>false</Merge>
            <Override>false</Override>
            <OverrideParentValues>false</OverrideParentValues>
            <PropertyName>SkyColor</PropertyName>
            <Value i:nil="true" />
          </Property>
          <Property>
            <Merge>false</Merge>
            <Override>false</Override>
            <OverrideParentValues>false</OverrideParentValues>
            <PropertyName>WaterColor</PropertyName>
            <Value i:nil="true" />
          </Property>
          <Property>
            <Merge>false</Merge>
            <Override>false</Override>
            <OverrideParentValues>false</OverrideParentValues>
            <PropertyName>GrassColor</PropertyName>
            <Value i:nil="true" />
          </Property>
          <Property>
            <Merge>false</Merge>
            <Override>false</Override>
            <OverrideParentValues>false</OverrideParentValues>
            <PropertyName>GrassColorIsMultiplier</PropertyName>
            <Value i:nil="true" />
          </Property>
          <Property>
            <Merge>false</Merge>
            <Override>false</Override>
            <OverrideParentValues>false</OverrideParentValues>
            <PropertyName>FoliageColor</PropertyName>
            <Value i:nil="true" />
          </Property>
          <Property>
            <Merge>false</Merge>
            <Override>false</Override>
            <OverrideParentValues>false</OverrideParentValues>
            <PropertyName>FoliageColorIsMultiplier</PropertyName>
            <Value i:nil="true" />
          </Property>
          <Property>
            <Merge>false</Merge>
            <Override>true</Override>
            <OverrideParentValues>false</OverrideParentValues>
            <PropertyName>ResourceQueue</PropertyName>
            <Value />
          </Property>
          <Property>
            <Merge>false</Merge>
            <Override>false</Override>
            <OverrideParentValues>false</OverrideParentValues>
            <PropertyName>Sapling resource</PropertyName>
            <Value i:nil="true" />
          </Property>
          <Property>
            <Merge>false</Merge>
            <Override>false</Override>
            <OverrideParentValues>false</OverrideParentValues>
            <PropertyName>BiomeObjects</PropertyName>
            <Value i:nil="true" />
          </Property>
          <Property>
            <Merge>false</Merge>
            <Override>false</Override>
            <OverrideParentValues>false</OverrideParentValues>
            <PropertyName>StrongholdsEnabled</PropertyName>
            <Value i:nil="true" />
          </Property>
          <Property>
            <Merge>false</Merge>
            <Override>false</Override>
            <OverrideParentValues>false</OverrideParentValues>
            <PropertyName>OceanMonumentsEnabled</PropertyName>
            <Value i:nil="true" />
          </Property>
          <Property>
            <Merge>false</Merge>
            <Override>true</Override>
            <OverrideParentValues>false</OverrideParentValues>
            <PropertyName>NetherFortressesEnabled</PropertyName>
            <Value>false</Value>
          </Property>
          <Property>
            <Merge>false</Merge>
            <Override>false</Override>
            <OverrideParentValues>false</OverrideParentValues>
            <PropertyName>VillageType</PropertyName>
            <Value i:nil="true" />
          </Property>
          <Property>
            <Merge>false</Merge>
            <Override>false</Override>
            <OverrideParentValues>false</OverrideParentValues>
            <PropertyName>MineshaftType</PropertyName>
            <Value i:nil="true" />
          </Property>
          <Property>
            <Merge>false</Merge>
            <Override>false</Override>
            <OverrideParentValues>false</OverrideParentValues>
            <PropertyName>MineshaftRarity</PropertyName>
            <Value i:nil="true" />
          </Property>
          <Property>
            <Merge>false</Merge>
            <Override>false</Override>
            <OverrideParentValues>false</OverrideParentValues>
            <PropertyName>RareBuildingType</PropertyName>
            <Value i:nil="true" />
          </Property>
          <Property>
            <Merge>false</Merge>
            <Override>false</Override>
            <OverrideParentValues>false</OverrideParentValues>
            <PropertyName>SpawnMonsters</PropertyName>
            <Value i:nil="true" />
          </Property>
          <Property>
            <Merge>false</Merge>
            <Override>false</Override>
            <OverrideParentValues>false</OverrideParentValues>
            <PropertyName>SpawnCreatures</PropertyName>
            <Value i:nil="true" />
          </Property>
          <Property>
            <Merge>false</Merge>
            <Override>false</Override>
            <OverrideParentValues>false</OverrideParentValues>
            <PropertyName>SpawnWaterCreatures</PropertyName>
            <Value i:nil="true" />
          </Property>
          <Property>
            <Merge>false</Merge>
            <Override>false</Override>
            <OverrideParentValues>false</OverrideParentValues>
            <PropertyName>SpawnAmbientCreatures</PropertyName>
            <Value i:nil="true" />
          </Property>
          <Property>
            <Merge>false</Merge>
            <Override>false</Override>
            <OverrideParentValues>false</OverrideParentValues>
            <PropertyName>BiomeDictId</PropertyName>
            <Value i:nil="true" />
          </Property>
          <Property>
            <Merge>false</Merge>
            <Override>false</Override>
            <OverrideParentValues>false</OverrideParentValues>
            <PropertyName>InheritMobsBiomeName</PropertyName>
            <Value i:nil="true" />
          </Property>
        </Properties>
      </BiomeConfig>
      <Biomes xmlns:d4p1="http://schemas.microsoft.com/2003/10/Serialization/Arrays">
        <d4p1:string>Void</d4p1:string>
      </Biomes>
      <Name>Void</Name>
    </Group>
  </BiomeGroups>
  <WorldConfig>
    <Properties>
      <Property>
        <Merge>false</Merge>
        <Override>true</Override>
        <OverrideParentValues>false</OverrideParentValues>
        <PropertyName>Author</PropertyName>
        <Value>MC_Pitman (Team OTG)</Value>
      </Property>
      <Property>
        <Merge>false</Merge>
        <Override>true</Override>
        <OverrideParentValues>false</OverrideParentValues>
        <PropertyName>Description</PropertyName>
        <Value>Void</Value>
      </Property>
      <Property>
        <Merge>false</Merge>
        <Override>false</Override>
        <OverrideParentValues>false</OverrideParentValues>
        <PropertyName>SettingsMode</PropertyName>
        <Value>WriteAll</Value>
      </Property>
      <Property>
        <Merge>false</Merge>
        <Override>false</Override>
        <OverrideParentValues>false</OverrideParentValues>
        <PropertyName>TerrainMode</PropertyName>
        <Value>Normal</Value>
      </Property>
      <Property>
        <Merge>false</Merge>
        <Override>false</Override>
        <OverrideParentValues>false</OverrideParentValues>
        <PropertyName>BiomeMode</PropertyName>
        <Value>Normal</Value>
      </Property>
      <Property>
        <Merge>false</Merge>
        <Override>true</Override>
        <OverrideParentValues>false</OverrideParentValues>
        <PropertyName>CustomBiomes</PropertyName>
        <Value>Void:700</Value>
      </Property>
      <Property>
        <Merge>false</Merge>
        <Override>false</Override>
        <OverrideParentValues>false</OverrideParentValues>
        <PropertyName>GenerationDepth</PropertyName>
        <Value>10</Value>
      </Property>
      <Property>
        <Merge>false</Merge>
        <Override>false</Override>
        <OverrideParentValues>false</OverrideParentValues>
        <PropertyName>BiomeRarityScale</PropertyName>
        <Value>100</Value>
      </Property>
      <Property>
        <Merge>false</Merge>
        <Override>true</Override>
        <OverrideParentValues>false</OverrideParentValues>
        <PropertyName>Biome Groups</PropertyName>
        <Value>BiomeGroup(NormalBiomes, 0, 100, Void)</Value>
      </Property>
      <Property>
        <Merge>false</Merge>
        <Override>true</Override>
        <OverrideParentValues>false</OverrideParentValues>
        <PropertyName>IsleBiomes</PropertyName>
        <Value />
      </Property>
      <Property>
        <Merge>false</Merge>
        <Override>true</Override>
        <OverrideParentValues>false</OverrideParentValues>
        <PropertyName>BorderBiomes</PropertyName>
        <Value />
      </Property>
      <Property>
        <Merge>false</Merge>
        <Override>true</Override>
        <OverrideParentValues>false</OverrideParentValues>
        <PropertyName>LandRarity</PropertyName>
        <Value>100</Value>
      </Property>
      <Property>
        <Merge>false</Merge>
        <Override>false</Override>
        <OverrideParentValues>false</OverrideParentValues>
        <PropertyName>LandSize</PropertyName>
        <Value>0</Value>
      </Property>
      <Property>
        <Merge>false</Merge>
        <Override>true</Override>
        <OverrideParentValues>false</OverrideParentValues>
        <PropertyName>LandFuzzy</PropertyName>
        <Value>0</Value>
      </Property>
      <Property>
        <Merge>false</Merge>
        <Override>true</Override>
        <OverrideParentValues>false</OverrideParentValues>
        <PropertyName>FrozenOcean</PropertyName>
        <Value>false</Value>
      </Property>
      <Property>
        <Merge>false</Merge>
        <Override>false</Override>
        <OverrideParentValues>false</OverrideParentValues>
        <PropertyName>OceanFreezingTemperature</PropertyName>
        <Value>0.15</Value>
      </Property>
      <Property>
        <Merge>false</Merge>
        <Override>false</Override>
        <OverrideParentValues>false</OverrideParentValues>
        <PropertyName>FreezeAllBiomesInColdGroup</PropertyName>
        <Value>false</Value>
      </Property>
      <Property>
        <Merge>false</Merge>
        <Override>false</Override>
        <OverrideParentValues>false</OverrideParentValues>
        <PropertyName>RiverRarity</PropertyName>
        <Value>4</Value>
      </Property>
      <Property>
        <Merge>false</Merge>
        <Override>false</Override>
        <OverrideParentValues>false</OverrideParentValues>
        <PropertyName>RiverSize</PropertyName>
        <Value>0</Value>
      </Property>
      <Property>
        <Merge>false</Merge>
        <Override>true</Override>
        <OverrideParentValues>false</OverrideParentValues>
        <PropertyName>RiversEnabled</PropertyName>
        <Value>false</Value>
      </Property>
      <Property>
        <Merge>false</Merge>
        <Override>false</Override>
        <OverrideParentValues>false</OverrideParentValues>
        <PropertyName>ImprovedRivers</PropertyName>
        <Value>false</Value>
      </Property>
      <Property>
        <Merge>false</Merge>
        <Override>false</Override>
        <OverrideParentValues>false</OverrideParentValues>
        <PropertyName>RandomRivers</PropertyName>
        <Value>false</Value>
      </Property>
      <Property>
        <Merge>false</Merge>
        <Override>false</Override>
        <OverrideParentValues>false</OverrideParentValues>
        <PropertyName>ImageMode</PropertyName>
        <Value>Mirror</Value>
      </Property>
      <Property>
        <Merge>false</Merge>
        <Override>false</Override>
        <OverrideParentValues>false</OverrideParentValues>
        <PropertyName>ImageFile</PropertyName>
        <Value>map.png</Value>
      </Property>
      <Property>
        <Merge>false</Merge>
        <Override>false</Override>
        <OverrideParentValues>false</OverrideParentValues>
        <PropertyName>ImageOrientation</PropertyName>
        <Value>West</Value>
      </Property>
      <Property>
        <Merge>false</Merge>
        <Override>false</Override>
        <OverrideParentValues>false</OverrideParentValues>
        <PropertyName>ImageFillBiome</PropertyName>
        <Value>Ocean</Value>
      </Property>
      <Property>
        <Merge>false</Merge>
        <Override>false</Override>
        <OverrideParentValues>false</OverrideParentValues>
        <PropertyName>ImageXOffset</PropertyName>
        <Value>0</Value>
      </Property>
      <Property>
        <Merge>false</Merge>
        <Override>false</Override>
        <OverrideParentValues>false</OverrideParentValues>
        <PropertyName>ImageZOffset</PropertyName>
        <Value>0</Value>
      </Property>
      <Property>
        <Merge>false</Merge>
        <Override>false</Override>
        <OverrideParentValues>false</OverrideParentValues>
        <PropertyName>WorldHeightScaleBits</PropertyName>
        <Value>7</Value>
      </Property>
      <Property>
        <Merge>false</Merge>
        <Override>false</Override>
        <OverrideParentValues>false</OverrideParentValues>
        <PropertyName>WorldHeightCapBits</PropertyName>
        <Value>8</Value>
      </Property>
      <Property>
        <Merge>false</Merge>
        <Override>false</Override>
        <OverrideParentValues>false</OverrideParentValues>
        <PropertyName>FractureHorizontal</PropertyName>
        <Value>0.0</Value>
      </Property>
      <Property>
        <Merge>false</Merge>
        <Override>false</Override>
        <OverrideParentValues>false</OverrideParentValues>
        <PropertyName>FractureVertical</PropertyName>
        <Value>0.0</Value>
      </Property>
      <Property>
        <Merge>false</Merge>
        <Override>false</Override>
        <OverrideParentValues>false</OverrideParentValues>
        <PropertyName>RemoveSurfaceStone</PropertyName>
        <Value>false</Value>
      </Property>
      <Property>
        <Merge>false</Merge>
        <Override>true</Override>
        <OverrideParentValues>false</OverrideParentValues>
        <PropertyName>DisableBedrock</PropertyName>
        <Value>true</Value>
      </Property>
      <Property>
        <Merge>false</Merge>
        <Override>false</Override>
        <OverrideParentValues>false</OverrideParentValues>
        <PropertyName>CeilingBedrock</PropertyName>
        <Value>false</Value>
      </Property>
      <Property>
        <Merge>false</Merge>
        <Override>false</Override>
        <OverrideParentValues>false</OverrideParentValues>
        <PropertyName>FlatBedrock</PropertyName>
        <Value>false</Value>
      </Property>
      <Property>
        <Merge>false</Merge>
        <Override>false</Override>
        <OverrideParentValues>false</OverrideParentValues>
        <PropertyName>BedrockobBlock</PropertyName>
        <Value>BEDROCK</Value>
      </Property>
      <Property>
        <Merge>false</Merge>
        <Override>false</Override>
        <OverrideParentValues>false</OverrideParentValues>
        <PropertyName>PopulationBoundsCheck</PropertyName>
        <Value>true</Value>
      </Property>
      <Property>
        <Merge>false</Merge>
        <Override>true</Override>
        <OverrideParentValues>false</OverrideParentValues>
        <PropertyName>WaterLevelMax</PropertyName>
        <Value>0</Value>
      </Property>
      <Property>
        <Merge>false</Merge>
        <Override>false</Override>
        <OverrideParentValues>false</OverrideParentValues>
        <PropertyName>WaterLevelMin</PropertyName>
        <Value>0</Value>
      </Property>
      <Property>
        <Merge>false</Merge>
        <Override>false</Override>
        <OverrideParentValues>false</OverrideParentValues>
        <PropertyName>WaterBlock</PropertyName>
        <Value>STATIONARY_WATER</Value>
      </Property>
      <Property>
        <Merge>false</Merge>
        <Override>false</Override>
        <OverrideParentValues>false</OverrideParentValues>
        <PropertyName>IceBlock</PropertyName>
        <Value>ICE</Value>
      </Property>
      <Property>
        <Merge>false</Merge>
        <Override>false</Override>
        <OverrideParentValues>false</OverrideParentValues>
        <PropertyName>CooledLavaBlock</PropertyName>
        <Value>STATIONARY_LAVA</Value>
      </Property>
      <Property>
        <Merge>false</Merge>
        <Override>false</Override>
        <OverrideParentValues>false</OverrideParentValues>
        <PropertyName>FullyFreezeLakes</PropertyName>
        <Value>false</Value>
      </Property>
      <Property>
        <Merge>false</Merge>
        <Override>false</Override>
        <OverrideParentValues>false</OverrideParentValues>
        <PropertyName>UseTemperatureForSnowHeight</PropertyName>
        <Value>false</Value>
      </Property>
      <Property>
        <Merge>false</Merge>
        <Override>false</Override>
        <OverrideParentValues>false</OverrideParentValues>
        <PropertyName>BetterSnowFall</PropertyName>
        <Value>false</Value>
      </Property>
      <Property>
        <Merge>false</Merge>
        <Override>false</Override>
        <OverrideParentValues>false</OverrideParentValues>
        <PropertyName>ResourcesSeed</PropertyName>
        <Value>0</Value>
      </Property>
      <Property>
        <Merge>false</Merge>
        <Override>true</Override>
        <OverrideParentValues>false</OverrideParentValues>
        <PropertyName>StrongholdsEnabled</PropertyName>
        <Value>false</Value>
      </Property>
      <Property>
        <Merge>false</Merge>
        <Override>false</Override>
        <OverrideParentValues>false</OverrideParentValues>
        <PropertyName>StrongholdCount</PropertyName>
        <Value>128</Value>
      </Property>
      <Property>
        <Merge>false</Merge>
        <Override>false</Override>
        <OverrideParentValues>false</OverrideParentValues>
        <PropertyName>StrongholdDistance</PropertyName>
        <Value>32.0</Value>
      </Property>
      <Property>
        <Merge>false</Merge>
        <Override>false</Override>
        <OverrideParentValues>false</OverrideParentValues>
        <PropertyName>StrongholdSpread</PropertyName>
        <Value>3</Value>
      </Property>
      <Property>
        <Merge>false</Merge>
        <Override>true</Override>
        <OverrideParentValues>false</OverrideParentValues>
        <PropertyName>VillagesEnabled</PropertyName>
        <Value>false</Value>
      </Property>
      <Property>
        <Merge>false</Merge>
        <Override>false</Override>
        <OverrideParentValues>false</OverrideParentValues>
        <PropertyName>VillageSize</PropertyName>
        <Value>0</Value>
      </Property>
      <Property>
        <Merge>false</Merge>
        <Override>false</Override>
        <OverrideParentValues>false</OverrideParentValues>
        <PropertyName>VillageDistance</PropertyName>
        <Value>32</Value>
      </Property>
      <Property>
        <Merge>false</Merge>
        <Override>true</Override>
        <OverrideParentValues>false</OverrideParentValues>
        <PropertyName>RareBuildingsEnabled</PropertyName>
        <Value>false</Value>
      </Property>
      <Property>
        <Merge>false</Merge>
        <Override>false</Override>
        <OverrideParentValues>false</OverrideParentValues>
        <PropertyName>MinimumDistanceBetweenRareBuildings</PropertyName>
        <Value>9</Value>
      </Property>
      <Property>
        <Merge>false</Merge>
        <Override>false</Override>
        <OverrideParentValues>false</OverrideParentValues>
        <PropertyName>MaximumDistanceBetweenRareBuildings</PropertyName>
        <Value>32</Value>
      </Property>
      <Property>
        <Merge>false</Merge>
        <Override>true</Override>
        <OverrideParentValues>false</OverrideParentValues>
        <PropertyName>OceanMonumentsEnabled</PropertyName>
        <Value>false</Value>
      </Property>
      <Property>
        <Merge>false</Merge>
        <Override>false</Override>
        <OverrideParentValues>false</OverrideParentValues>
        <PropertyName>OceanMonumentGridSize</PropertyName>
        <Value>32</Value>
      </Property>
      <Property>
        <Merge>false</Merge>
        <Override>false</Override>
        <OverrideParentValues>false</OverrideParentValues>
        <PropertyName>OceanMonumentRandomOffset</PropertyName>
        <Value>26</Value>
      </Property>
      <Property>
        <Merge>false</Merge>
        <Override>false</Override>
        <OverrideParentValues>false</OverrideParentValues>
        <PropertyName>MaximumCustomStructureRadius</PropertyName>
        <Value>5</Value>
      </Property>
      <Property>
        <Merge>false</Merge>
        <Override>true</Override>
        <OverrideParentValues>false</OverrideParentValues>
        <PropertyName>MineshaftsEnabled</PropertyName>
        <Value>false</Value>
      </Property>
      <Property>
        <Merge>false</Merge>
        <Override>false</Override>
        <OverrideParentValues>false</OverrideParentValues>
        <PropertyName>NetherFortressesEnabled</PropertyName>
        <Value>false</Value>
      </Property>
      <Property>
        <Merge>false</Merge>
        <Override>false</Override>
        <OverrideParentValues>false</OverrideParentValues>
        <PropertyName>WorldFog</PropertyName>
        <Value>#C0D8FF</Value>
      </Property>
      <Property>
        <Merge>false</Merge>
        <Override>false</Override>
        <OverrideParentValues>false</OverrideParentValues>
        <PropertyName>WorldNightFog</PropertyName>
        <Value>#0B0D17</Value>
      </Property>
      <Property>
        <Merge>false</Merge>
        <Override>false</Override>
        <OverrideParentValues>false</OverrideParentValues>
        <PropertyName>CaveRarity</PropertyName>
        <Value>7</Value>
      </Property>
      <Property>
        <Merge>false</Merge>
        <Override>false</Override>
        <OverrideParentValues>false</OverrideParentValues>
        <PropertyName>CaveFrequency</PropertyName>
        <Value>40</Value>
      </Property>
      <Property>
        <Merge>false</Merge>
        <Override>false</Override>
        <OverrideParentValues>false</OverrideParentValues>
        <PropertyName>CaveMinAltitude</PropertyName>
        <Value>8</Value>
      </Property>
      <Property>
        <Merge>false</Merge>
        <Override>false</Override>
        <OverrideParentValues>false</OverrideParentValues>
        <PropertyName>CaveMaxAltitude</PropertyName>
        <Value>127</Value>
      </Property>
      <Property>
        <Merge>false</Merge>
        <Override>false</Override>
        <OverrideParentValues>false</OverrideParentValues>
        <PropertyName>IndividualCaveRarity</PropertyName>
        <Value>25</Value>
      </Property>
      <Property>
        <Merge>false</Merge>
        <Override>false</Override>
        <OverrideParentValues>false</OverrideParentValues>
        <PropertyName>CaveSystemFrequency</PropertyName>
        <Value>1</Value>
      </Property>
      <Property>
        <Merge>false</Merge>
        <Override>false</Override>
        <OverrideParentValues>false</OverrideParentValues>
        <PropertyName>CaveSystemPocketChance</PropertyName>
        <Value>0</Value>
      </Property>
      <Property>
        <Merge>false</Merge>
        <Override>false</Override>
        <OverrideParentValues>false</OverrideParentValues>
        <PropertyName>CaveSystemPocketMinSize</PropertyName>
        <Value>0</Value>
      </Property>
      <Property>
        <Merge>false</Merge>
        <Override>false</Override>
        <OverrideParentValues>false</OverrideParentValues>
        <PropertyName>CaveSystemPocketMaxSize</PropertyName>
        <Value>3</Value>
      </Property>
      <Property>
        <Merge>false</Merge>
        <Override>false</Override>
        <OverrideParentValues>false</OverrideParentValues>
        <PropertyName>EvenCaveDistrubution</PropertyName>
        <Value>false</Value>
      </Property>
      <Property>
        <Merge>false</Merge>
        <Override>false</Override>
        <OverrideParentValues>false</OverrideParentValues>
        <PropertyName>RavineRarity</PropertyName>
        <Value>2</Value>
      </Property>
      <Property>
        <Merge>false</Merge>
        <Override>false</Override>
        <OverrideParentValues>false</OverrideParentValues>
        <PropertyName>RavineMinAltitude</PropertyName>
        <Value>20</Value>
      </Property>
      <Property>
        <Merge>false</Merge>
        <Override>false</Override>
        <OverrideParentValues>false</OverrideParentValues>
        <PropertyName>RavineMaxAltitude</PropertyName>
        <Value>67</Value>
      </Property>
      <Property>
        <Merge>false</Merge>
        <Override>false</Override>
        <OverrideParentValues>false</OverrideParentValues>
        <PropertyName>RavineMinLength</PropertyName>
        <Value>84</Value>
      </Property>
      <Property>
        <Merge>false</Merge>
        <Override>false</Override>
        <OverrideParentValues>false</OverrideParentValues>
        <PropertyName>RavineMaxLength</PropertyName>
        <Value>111</Value>
      </Property>
      <Property>
        <Merge>false</Merge>
        <Override>false</Override>
        <OverrideParentValues>false</OverrideParentValues>
        <PropertyName>RavineDepth</PropertyName>
        <Value>3.0</Value>
      </Property>
      <Property>
        <Merge>false</Merge>
        <Override>false</Override>
        <OverrideParentValues>false</OverrideParentValues>
        <PropertyName>OldBiomeSize</PropertyName>
        <Value>1.5</Value>
      </Property>
      <Property>
        <Merge>false</Merge>
        <Override>false</Override>
        <OverrideParentValues>false</OverrideParentValues>
        <PropertyName>MinMoisture</PropertyName>
        <Value>0.0</Value>
      </Property>
      <Property>
        <Merge>false</Merge>
        <Override>false</Override>
        <OverrideParentValues>false</OverrideParentValues>
        <PropertyName>MaxMoisture</PropertyName>
        <Value>0.0</Value>
      </Property>
      <Property>
        <Merge>false</Merge>
        <Override>false</Override>
        <OverrideParentValues>false</OverrideParentValues>
        <PropertyName>MinTemperature</PropertyName>
        <Value>0.0</Value>
      </Property>
      <Property>
        <Merge>false</Merge>
        <Override>false</Override>
        <OverrideParentValues>false</OverrideParentValues>
        <PropertyName>MaxTemperature</PropertyName>
        <Value>0.0</Value>
      </Property>
      <Property>
        <Merge>false</Merge>
        <Override>false</Override>
        <OverrideParentValues>false</OverrideParentValues>
        <PropertyName>WorldSeed</PropertyName>
        <Value />
      </Property>
      <Property>
        <Merge>false</Merge>
        <Override>true</Override>
        <OverrideParentValues>false</OverrideParentValues>
        <PropertyName>BO3AtSpawn</PropertyName>
        <Value>spawnfloatingisland1</Value>
      </Property>
      <Property>
        <Merge>false</Merge>
        <Override>false</Override>
        <OverrideParentValues>false</OverrideParentValues>
        <PropertyName>PreGenerationRadius</PropertyName>
        <Value>0</Value>
      </Property>
      <Property>
        <Merge>false</Merge>
        <Override>false</Override>
        <OverrideParentValues>false</OverrideParentValues>
        <PropertyName>WorldBorderRadius</PropertyName>
        <Value>0</Value>
      </Property>
      <Property>
        <Merge>false</Merge>
        <Override>true</Override>
        <OverrideParentValues>false</OverrideParentValues>
        <PropertyName>Dimensions</PropertyName>
        <Value>Skylands, Flatlands</Value>
      </Property>
      <Property>
        <Merge>false</Merge>
        <Override>true</Override>
        <OverrideParentValues>false</OverrideParentValues>
        <PropertyName>DimensionBelow</PropertyName>
        <Value>Skylands</Value>
      </Property>
      <Property>
        <Merge>false</Merge>
        <Override>false</Override>
        <OverrideParentValues>false</OverrideParentValues>
        <PropertyName>DimensionAbove</PropertyName>
        <Value />
      </Property>
      <Property>
        <Merge>false</Merge>
        <Override>true</Override>
        <OverrideParentValues>false</OverrideParentValues>
        <PropertyName>DimensionPortalMaterials</PropertyName>
        <Value>PRISMARINE:2</Value>
      </Property>
      <Property>
        <Merge>false</Merge>
        <Override>true</Override>
        <OverrideParentValues>false</OverrideParentValues>
        <PropertyName>TeleportToSpawnOnly</PropertyName>
        <Value>true</Value>
      </Property>
      <Property>
        <Merge>false</Merge>
        <Override>false</Override>
        <OverrideParentValues>false</OverrideParentValues>
        <PropertyName>Cartographer</PropertyName>
        <Value>false</Value>
      </Property>
      <Property>
        <Merge>false</Merge>
        <Override>false</Override>
        <OverrideParentValues>false</OverrideParentValues>
        <PropertyName>CommandBlockOutput</PropertyName>
        <Value>true</Value>
      </Property>
      <Property>
        <Merge>false</Merge>
        <Override>false</Override>
        <OverrideParentValues>false</OverrideParentValues>
        <PropertyName>DisableElytraMovementCheck</PropertyName>
        <Value>false</Value>
      </Property>
      <Property>
        <Merge>false</Merge>
        <Override>true</Override>
        <OverrideParentValues>false</OverrideParentValues>
        <PropertyName>DoDaylightCycle</PropertyName>
        <Value>false</Value>
      </Property>
      <Property>
        <Merge>false</Merge>
        <Override>false</Override>
        <OverrideParentValues>false</OverrideParentValues>
        <PropertyName>DoEntityDrops</PropertyName>
        <Value>true</Value>
      </Property>
      <Property>
        <Merge>false</Merge>
        <Override>false</Override>
        <OverrideParentValues>false</OverrideParentValues>
        <PropertyName>DoFireTick</PropertyName>
        <Value>true</Value>
      </Property>
      <Property>
        <Merge>false</Merge>
        <Override>false</Override>
        <OverrideParentValues>false</OverrideParentValues>
        <PropertyName>DoMobLoot</PropertyName>
        <Value>true</Value>
      </Property>
      <Property>
        <Merge>false</Merge>
        <Override>true</Override>
        <OverrideParentValues>false</OverrideParentValues>
        <PropertyName>DoMobSpawning</PropertyName>
        <Value>false</Value>
      </Property>
      <Property>
        <Merge>false</Merge>
        <Override>false</Override>
        <OverrideParentValues>false</OverrideParentValues>
        <PropertyName>DoTileDrops</PropertyName>
        <Value>true</Value>
      </Property>
      <Property>
        <Merge>false</Merge>
        <Override>true</Override>
        <OverrideParentValues>false</OverrideParentValues>
        <PropertyName>DoWeatherCycle</PropertyName>
        <Value>false</Value>
      </Property>
      <Property>
        <Merge>false</Merge>
        <Override>false</Override>
        <OverrideParentValues>false</OverrideParentValues>
        <PropertyName>KeepInventory</PropertyName>
        <Value>false</Value>
      </Property>
      <Property>
        <Merge>false</Merge>
        <Override>false</Override>
        <OverrideParentValues>false</OverrideParentValues>
        <PropertyName>LogAdminCommands</PropertyName>
        <Value>true</Value>
      </Property>
      <Property>
        <Merge>false</Merge>
        <Override>false</Override>
        <OverrideParentValues>false</OverrideParentValues>
        <PropertyName>MaxEntityCramming</PropertyName>
        <Value>24</Value>
      </Property>
      <Property>
        <Merge>false</Merge>
        <Override>false</Override>
        <OverrideParentValues>false</OverrideParentValues>
        <PropertyName>MobGriefing</PropertyName>
        <Value>true</Value>
      </Property>
      <Property>
        <Merge>false</Merge>
        <Override>false</Override>
        <OverrideParentValues>false</OverrideParentValues>
        <PropertyName>NaturalRegeneration</PropertyName>
        <Value>true</Value>
      </Property>
      <Property>
        <Merge>false</Merge>
        <Override>false</Override>
        <OverrideParentValues>false</OverrideParentValues>
        <PropertyName>RandomTickSpeed</PropertyName>
        <Value>3</Value>
      </Property>
      <Property>
        <Merge>false</Merge>
        <Override>false</Override>
        <OverrideParentValues>false</OverrideParentValues>
        <PropertyName>ReducedDebugInfo</PropertyName>
        <Value>false</Value>
      </Property>
      <Property>
        <Merge>false</Merge>
        <Override>false</Override>
        <OverrideParentValues>false</OverrideParentValues>
        <PropertyName>SendCommandFeedback</PropertyName>
        <Value>true</Value>
      </Property>
      <Property>
        <Merge>false</Merge>
        <Override>false</Override>
        <OverrideParentValues>false</OverrideParentValues>
        <PropertyName>ShowDeathMessages</PropertyName>
        <Value>true</Value>
      </Property>
      <Property>
        <Merge>false</Merge>
        <Override>true</Override>
        <OverrideParentValues>false</OverrideParentValues>
        <PropertyName>SpawnRadius</PropertyName>
        <Value>1</Value>
      </Property>
      <Property>
        <Merge>false</Merge>
        <Override>false</Override>
        <OverrideParentValues>false</OverrideParentValues>
        <PropertyName>SpectatorsGenerateChunks</PropertyName>
        <Value>true</Value>
      </Property>
      <Property>
        <Merge>false</Merge>
        <Override>false</Override>
        <OverrideParentValues>false</OverrideParentValues>
        <PropertyName>WelcomeMessage</PropertyName>
        <Value />
      </Property>
      <Property>
        <Merge>false</Merge>
        <Override>false</Override>
        <OverrideParentValues>false</OverrideParentValues>
        <PropertyName>DepartMessage</PropertyName>
        <Value />
      </Property>
      <Property>
        <Merge>false</Merge>
        <Override>false</Override>
        <OverrideParentValues>false</OverrideParentValues>
        <PropertyName>HasSkyLight</PropertyName>
        <Value>true</Value>
      </Property>
      <Property>
        <Merge>false</Merge>
        <Override>false</Override>
        <OverrideParentValues>false</OverrideParentValues>
        <PropertyName>IsSurfaceWorld</PropertyName>
        <Value>true</Value>
      </Property>
      <Property>
        <Merge>false</Merge>
        <Override>false</Override>
        <OverrideParentValues>false</OverrideParentValues>
        <PropertyName>CanRespawnHere</PropertyName>
        <Value>true</Value>
      </Property>
      <Property>
        <Merge>false</Merge>
        <Override>false</Override>
        <OverrideParentValues>false</OverrideParentValues>
        <PropertyName>DoesWaterVaporize</PropertyName>
        <Value>false</Value>
      </Property>
      <Property>
        <Merge>false</Merge>
        <Override>false</Override>
        <OverrideParentValues>false</OverrideParentValues>
        <PropertyName>DoesXZShowFog</PropertyName>
        <Value>false</Value>
      </Property>
      <Property>
        <Merge>false</Merge>
        <Override>false</Override>
        <OverrideParentValues>false</OverrideParentValues>
        <PropertyName>UseCustomFogColor</PropertyName>
        <Value>false</Value>
      </Property>
      <Property>
        <Merge>false</Merge>
        <Override>false</Override>
        <OverrideParentValues>false</OverrideParentValues>
        <PropertyName>FogColorRed</PropertyName>
        <Value>0.20000000298023224</Value>
      </Property>
      <Property>
        <Merge>false</Merge>
        <Override>false</Override>
        <OverrideParentValues>false</OverrideParentValues>
        <PropertyName>FogColorGreen</PropertyName>
        <Value>0.029999999329447746</Value>
      </Property>
      <Property>
        <Merge>false</Merge>
        <Override>false</Override>
        <OverrideParentValues>false</OverrideParentValues>
        <PropertyName>FogColorBlue</PropertyName>
        <Value>0.029999999329447746</Value>
      </Property>
      <Property>
        <Merge>false</Merge>
        <Override>false</Override>
        <OverrideParentValues>false</OverrideParentValues>
        <PropertyName>IsSkyColored</PropertyName>
        <Value>true</Value>
      </Property>
      <Property>
        <Merge>false</Merge>
        <Override>true</Override>
        <OverrideParentValues>false</OverrideParentValues>
        <PropertyName>CloudHeight</PropertyName>
        <Value>16</Value>
      </Property>
      <Property>
        <Merge>false</Merge>
        <Override>false</Override>
        <OverrideParentValues>false</OverrideParentValues>
        <PropertyName>CanDoLightning</PropertyName>
        <Value>true</Value>
      </Property>
      <Property>
        <Merge>false</Merge>
        <Override>false</Override>
        <OverrideParentValues>false</OverrideParentValues>
        <PropertyName>CanDoRainSnowIce</PropertyName>
        <Value>true</Value>
      </Property>
      <Property>
        <Merge>false</Merge>
        <Override>true</Override>
        <OverrideParentValues>false</OverrideParentValues>
        <PropertyName>IsNightWorld</PropertyName>
        <Value>true</Value>
      </Property>
      <Property>
        <Merge>false</Merge>
        <Override>false</Override>
        <OverrideParentValues>false</OverrideParentValues>
        <PropertyName>VoidFogYFactor</PropertyName>
        <Value>0.03125</Value>
      </Property>
      <Property>
        <Merge>false</Merge>
        <Override>true</Override>
        <OverrideParentValues>false</OverrideParentValues>
        <PropertyName>ShouldMapSpin</PropertyName>
        <Value>true</Value>
      </Property>
      <Property>
        <Merge>false</Merge>
        <Override>false</Override>
        <OverrideParentValues>false</OverrideParentValues>
        <PropertyName>CanDropChunk</PropertyName>
        <Value>true</Value>
      </Property>
    </Properties>
  </WorldConfig>
</SettingsFile>