<SettingsFile xmlns:i="http://www.w3.org/2001/XMLSchema-instance" xmlns="http://schemas.datacontract.org/2004/07/TCEE">
  <BiomeGroups>
    <Group>
      <BiomeConfig>
        <FileName />
        <Properties>
          <Property>
            <Merge>false</Merge>
            <Override>false</Override>
            <OverrideParentValues>true</OverrideParentValues>
            <PropertyName>BiomeColor</PropertyName>
            <Value i:nil="true" />
          </Property>
          <Property>
            <Merge>false</Merge>
            <Override>false</Override>
            <OverrideParentValues>true</OverrideParentValues>
            <PropertyName>BiomeExtends</PropertyName>
            <Value i:nil="true" />
          </Property>
          <Property>
            <Merge>false</Merge>
            <Override>true</Override>
            <OverrideParentValues>false</OverrideParentValues>
            <PropertyName>BiomeHeight</PropertyName>
            <Value>0.0</Value>
          </Property>
          <Property>
            <Merge>false</Merge>
            <Override>false</Override>
            <OverrideParentValues>false</OverrideParentValues>
            <PropertyName>BiomeIsBorder</PropertyName>
            <Value i:nil="true" />
          </Property>
          <Property>
            <Merge>false</Merge>
            <Override>false</Override>
            <OverrideParentValues>true</OverrideParentValues>
            <PropertyName>BiomeObjects</PropertyName>
            <Value i:nil="true" />
          </Property>
          <Property>
            <Merge>false</Merge>
            <Override>false</Override>
            <OverrideParentValues>true</OverrideParentValues>
            <PropertyName>BiomeRarity</PropertyName>
            <Value i:nil="true" />
          </Property>
          <Property>
            <Merge>false</Merge>
            <Override>false</Override>
            <OverrideParentValues>true</OverrideParentValues>
            <PropertyName>BiomeSize</PropertyName>
            <Value i:nil="true" />
          </Property>
          <Property>
            <Merge>false</Merge>
            <Override>false</Override>
            <OverrideParentValues>true</OverrideParentValues>
            <PropertyName>BiomeTemperature</PropertyName>
            <Value i:nil="true" />
          </Property>
          <Property>
            <Merge>false</Merge>
            <Override>true</Override>
            <OverrideParentValues>false</OverrideParentValues>
            <PropertyName>BiomeVolatility</PropertyName>
            <Value>-2500</Value>
          </Property>
          <Property>
            <Merge>false</Merge>
            <Override>false</Override>
            <OverrideParentValues>true</OverrideParentValues>
            <PropertyName>BiomeWetness</PropertyName>
            <Value i:nil="true" />
          </Property>
          <Property>
            <Merge>false</Merge>
            <Override>false</Override>
            <OverrideParentValues>false</OverrideParentValues>
            <PropertyName>CustomHeightControl</PropertyName>
            <Value i:nil="true" />
          </Property>
          <Property>
            <Merge>false</Merge>
            <Override>false</Override>
            <OverrideParentValues>true</OverrideParentValues>
            <PropertyName>DisableBiomeHeight</PropertyName>
            <Value i:nil="true" />
          </Property>
          <Property>
            <Merge>false</Merge>
            <Override>false</Override>
            <OverrideParentValues>true</OverrideParentValues>
            <PropertyName>FoliageColor</PropertyName>
            <Value i:nil="true" />
          </Property>
          <Property>
            <Merge>false</Merge>
            <Override>false</Override>
            <OverrideParentValues>true</OverrideParentValues>
            <PropertyName>FoliageColorIsMultiplier</PropertyName>
            <Value i:nil="true" />
          </Property>
          <Property>
            <Merge>false</Merge>
            <Override>false</Override>
            <OverrideParentValues>true</OverrideParentValues>
            <PropertyName>GrassColor</PropertyName>
            <Value i:nil="true" />
          </Property>
          <Property>
            <Merge>false</Merge>
            <Override>false</Override>
            <OverrideParentValues>true</OverrideParentValues>
            <PropertyName>GrassColorIsMultiplier</PropertyName>
            <Value i:nil="true" />
          </Property>
          <Property>
            <Merge>false</Merge>
            <Override>false</Override>
            <OverrideParentValues>true</OverrideParentValues>
            <PropertyName>GroundBlock</PropertyName>
            <Value i:nil="true" />
          </Property>
          <Property>
            <Merge>false</Merge>
            <Override>false</Override>
            <OverrideParentValues>true</OverrideParentValues>
            <PropertyName>IceBlock</PropertyName>
            <Value i:nil="true" />
          </Property>
          <Property>
            <Merge>false</Merge>
            <Override>false</Override>
            <OverrideParentValues>false</OverrideParentValues>
            <PropertyName>IsleInBiome</PropertyName>
            <Value i:nil="true" />
          </Property>
          <Property>
            <Merge>false</Merge>
            <Override>false</Override>
            <OverrideParentValues>true</OverrideParentValues>
            <PropertyName>MaxAverageDepth</PropertyName>
            <Value i:nil="true" />
          </Property>
          <Property>
            <Merge>false</Merge>
            <Override>false</Override>
            <OverrideParentValues>true</OverrideParentValues>
            <PropertyName>MaxAverageHeight</PropertyName>
            <Value i:nil="true" />
          </Property>
          <Property>
            <Merge>false</Merge>
            <Override>false</Override>
            <OverrideParentValues>true</OverrideParentValues>
            <PropertyName>MineshaftRarity</PropertyName>
            <Value i:nil="true" />
          </Property>
          <Property>
            <Merge>false</Merge>
            <Override>false</Override>
            <OverrideParentValues>true</OverrideParentValues>
            <PropertyName>NetherFortressesEnabled</PropertyName>
            <Value i:nil="true" />
          </Property>
          <Property>
            <Merge>false</Merge>
            <Override>false</Override>
            <OverrideParentValues>false</OverrideParentValues>
            <PropertyName>NotBorderNear</PropertyName>
            <Value i:nil="true" />
          </Property>
          <Property>
            <Merge>false</Merge>
            <Override>false</Override>
            <OverrideParentValues>true</OverrideParentValues>
            <PropertyName>RareBuildingType</PropertyName>
            <Value i:nil="true" />
          </Property>
          <Property>
            <Merge>false</Merge>
            <Override>false</Override>
            <OverrideParentValues>true</OverrideParentValues>
            <PropertyName>ReplaceToBiomeName</PropertyName>
            <Value i:nil="true" />
          </Property>
          <Property>
            <Merge>false</Merge>
            <Override>false</Override>
            <OverrideParentValues>true</OverrideParentValues>
            <PropertyName>ReplacedBlocks</PropertyName>
            <Value i:nil="true" />
          </Property>
          <Property>
            <Merge>false</Merge>
            <Override>false</Override>
            <OverrideParentValues>true</OverrideParentValues>
            <PropertyName>ResourceInheritance</PropertyName>
            <Value i:nil="true" />
          </Property>
          <Property>
            <Merge>false</Merge>
            <Override>true</Override>
            <OverrideParentValues>false</OverrideParentValues>
            <PropertyName>ResourceQueue</PropertyName>
            <Value />
          </Property>
          <Property>
            <Merge>false</Merge>
            <Override>false</Override>
            <OverrideParentValues>true</OverrideParentValues>
            <PropertyName>RiverBiome</PropertyName>
            <Value i:nil="true" />
          </Property>
          <Property>
            <Merge>false</Merge>
            <Override>false</Override>
            <OverrideParentValues>true</OverrideParentValues>
            <PropertyName>RiverCustomHeightControl</PropertyName>
            <Value i:nil="true" />
          </Property>
          <Property>
            <Merge>false</Merge>
            <Override>false</Override>
            <OverrideParentValues>true</OverrideParentValues>
            <PropertyName>RiverHeight</PropertyName>
            <Value i:nil="true" />
          </Property>
          <Property>
            <Merge>false</Merge>
            <Override>false</Override>
            <OverrideParentValues>true</OverrideParentValues>
            <PropertyName>RiverVolatility</PropertyName>
            <Value i:nil="true" />
          </Property>
          <Property>
            <Merge>false</Merge>
            <Override>false</Override>
            <OverrideParentValues>true</OverrideParentValues>
            <PropertyName>RiverWaterLevel</PropertyName>
            <Value i:nil="true" />
          </Property>
          <Property>
            <Merge>false</Merge>
            <Override>false</Override>
            <OverrideParentValues>false</OverrideParentValues>
            <PropertyName>Sapling resource</PropertyName>
            <Value i:nil="true" />
          </Property>
          <Property>
            <Merge>false</Merge>
            <Override>false</Override>
            <OverrideParentValues>true</OverrideParentValues>
            <PropertyName>SkyColor</PropertyName>
            <Value i:nil="true" />
          </Property>
          <Property>
            <Merge>false</Merge>
            <Override>false</Override>
            <OverrideParentValues>true</OverrideParentValues>
            <PropertyName>SmoothRadius</PropertyName>
            <Value i:nil="true" />
          </Property>
          <Property>
            <Merge>false</Merge>
            <Override>false</Override>
            <OverrideParentValues>true</OverrideParentValues>
            <PropertyName>StoneBlock</PropertyName>
            <Value i:nil="true" />
          </Property>
          <Property>
            <Merge>false</Merge>
            <Override>false</Override>
            <OverrideParentValues>true</OverrideParentValues>
            <PropertyName>StrongholdsEnabled</PropertyName>
            <Value i:nil="true" />
          </Property>
          <Property>
            <Merge>false</Merge>
            <Override>false</Override>
            <OverrideParentValues>true</OverrideParentValues>
            <PropertyName>SurfaceAndGroundControl</PropertyName>
            <Value i:nil="true" />
          </Property>
          <Property>
            <Merge>false</Merge>
            <Override>false</Override>
            <OverrideParentValues>true</OverrideParentValues>
            <PropertyName>SurfaceBlock</PropertyName>
            <Value i:nil="true" />
          </Property>
          <Property>
            <Merge>false</Merge>
            <Override>false</Override>
            <OverrideParentValues>true</OverrideParentValues>
            <PropertyName>UseWorldWaterLevel</PropertyName>
            <Value i:nil="true" />
          </Property>
          <Property>
            <Merge>false</Merge>
            <Override>false</Override>
            <OverrideParentValues>true</OverrideParentValues>
            <PropertyName>VillageType</PropertyName>
            <Value i:nil="true" />
          </Property>
          <Property>
            <Merge>false</Merge>
            <Override>false</Override>
            <OverrideParentValues>false</OverrideParentValues>
            <PropertyName>Volatility1</PropertyName>
            <Value i:nil="true" />
          </Property>
          <Property>
            <Merge>false</Merge>
            <Override>false</Override>
            <OverrideParentValues>false</OverrideParentValues>
            <PropertyName>Volatility2</PropertyName>
            <Value i:nil="true" />
          </Property>
          <Property>
            <Merge>false</Merge>
            <Override>false</Override>
            <OverrideParentValues>false</OverrideParentValues>
            <PropertyName>VolatilityWeight1</PropertyName>
            <Value i:nil="true" />
          </Property>
          <Property>
            <Merge>false</Merge>
            <Override>false</Override>
            <OverrideParentValues>false</OverrideParentValues>
            <PropertyName>VolatilityWeight2</PropertyName>
            <Value i:nil="true" />
          </Property>
          <Property>
            <Merge>false</Merge>
            <Override>false</Override>
            <OverrideParentValues>true</OverrideParentValues>
            <PropertyName>WaterBlock</PropertyName>
            <Value i:nil="true" />
          </Property>
          <Property>
            <Merge>false</Merge>
            <Override>false</Override>
            <OverrideParentValues>true</OverrideParentValues>
            <PropertyName>WaterColor</PropertyName>
            <Value i:nil="true" />
          </Property>
          <Property>
            <Merge>false</Merge>
            <Override>false</Override>
            <OverrideParentValues>true</OverrideParentValues>
            <PropertyName>WaterLevelMax</PropertyName>
            <Value i:nil="true" />
          </Property>
          <Property>
            <Merge>false</Merge>
            <Override>false</Override>
            <OverrideParentValues>true</OverrideParentValues>
            <PropertyName>WaterLevelMin</PropertyName>
            <Value i:nil="true" />
          </Property>
          <Property>
            <Merge>false</Merge>
            <Override>false</Override>
            <OverrideParentValues>false</OverrideParentValues>
            <PropertyName>BiomeSizeWhenIsle</PropertyName>
            <Value i:nil="true" />
          </Property>
          <Property>
            <Merge>false</Merge>
            <Override>false</Override>
            <OverrideParentValues>false</OverrideParentValues>
            <PropertyName>BiomeRarityWhenIsle</PropertyName>
            <Value i:nil="true" />
          </Property>
          <Property>
            <Merge>false</Merge>
            <Override>false</Override>
            <OverrideParentValues>false</OverrideParentValues>
            <PropertyName>BiomeSizeWhenBorder</PropertyName>
            <Value i:nil="true" />
          </Property>
          <Property>
            <Merge>false</Merge>
            <Override>false</Override>
            <OverrideParentValues>false</OverrideParentValues>
            <PropertyName>CooledLavaBlock</PropertyName>
            <Value i:nil="true" />
          </Property>
          <Property>
            <Merge>false</Merge>
            <Override>false</Override>
            <OverrideParentValues>false</OverrideParentValues>
            <PropertyName>OceanMonumentsEnabled</PropertyName>
            <Value i:nil="true" />
          </Property>
          <Property>
            <Merge>false</Merge>
            <Override>false</Override>
            <OverrideParentValues>false</OverrideParentValues>
            <PropertyName>MineshaftType</PropertyName>
            <Value i:nil="true" />
          </Property>
          <Property>
            <Merge>false</Merge>
            <Override>false</Override>
            <OverrideParentValues>false</OverrideParentValues>
            <PropertyName>SpawnMonsters</PropertyName>
            <Value i:nil="true" />
          </Property>
          <Property>
            <Merge>false</Merge>
            <Override>false</Override>
            <OverrideParentValues>false</OverrideParentValues>
            <PropertyName>SpawnCreatures</PropertyName>
            <Value i:nil="true" />
          </Property>
          <Property>
            <Merge>false</Merge>
            <Override>false</Override>
            <OverrideParentValues>false</OverrideParentValues>
            <PropertyName>SpawnWaterCreatures</PropertyName>
            <Value i:nil="true" />
          </Property>
          <Property>
            <Merge>false</Merge>
            <Override>false</Override>
            <OverrideParentValues>false</OverrideParentValues>
            <PropertyName>SpawnAmbientCreatures</PropertyName>
            <Value i:nil="true" />
          </Property>
          <Property>
            <Merge>false</Merge>
            <Override>false</Override>
            <OverrideParentValues>false</OverrideParentValues>
            <PropertyName>InheritMobsBiomeName</PropertyName>
            <Value i:nil="true" />
          </Property>
          <Property>
            <Merge>false</Merge>
            <Override>false</Override>
            <OverrideParentValues>false</OverrideParentValues>
            <PropertyName>BiomeDictId</PropertyName>
            <Value i:nil="true" />
          </Property>
          <Property>
            <Merge>false</Merge>
            <Override>false</Override>
            <OverrideParentValues>false</OverrideParentValues>
            <PropertyName>WoodLandMansionsEnabled</PropertyName>
            <Value i:nil="true" />
          </Property>
        </Properties>
      </BiomeConfig>
      <Biomes xmlns:d4p1="http://schemas.microsoft.com/2003/10/Serialization/Arrays">
        <d4p1:string>Desert</d4p1:string>
        <d4p1:string>Beach</d4p1:string>
        <d4p1:string>Birch Forest</d4p1:string>
        <d4p1:string>Birch Forest Hills</d4p1:string>
        <d4p1:string>Birch Forest Hills M</d4p1:string>
        <d4p1:string>Birch Forest M</d4p1:string>
        <d4p1:string>Cold Beach</d4p1:string>
        <d4p1:string>Cold Taiga</d4p1:string>
        <d4p1:string>Cold Taiga Hills</d4p1:string>
        <d4p1:string>Cold Taiga M</d4p1:string>
        <d4p1:string>Deep Ocean</d4p1:string>
        <d4p1:string>Desert M</d4p1:string>
        <d4p1:string>DesertHills</d4p1:string>
        <d4p1:string>Extreme Hills</d4p1:string>
        <d4p1:string>Extreme Hills Edge</d4p1:string>
        <d4p1:string>Extreme Hills M</d4p1:string>
        <d4p1:string>Extreme Hills+</d4p1:string>
        <d4p1:string>Extreme Hills+ M</d4p1:string>
        <d4p1:string>Flower Forest</d4p1:string>
        <d4p1:string>Forest</d4p1:string>
        <d4p1:string>ForestHills</d4p1:string>
        <d4p1:string>FrozenOcean</d4p1:string>
        <d4p1:string>FrozenRiver</d4p1:string>
        <d4p1:string>Hell</d4p1:string>
        <d4p1:string>Ice Mountains</d4p1:string>
        <d4p1:string>Ice Plains</d4p1:string>
        <d4p1:string>Ice Plains Spikes</d4p1:string>
        <d4p1:string>Jungle</d4p1:string>
        <d4p1:string>Jungle M</d4p1:string>
        <d4p1:string>JungleEdge</d4p1:string>
        <d4p1:string>JungleEdge M</d4p1:string>
        <d4p1:string>JungleHills</d4p1:string>
        <d4p1:string>Mega Spruce Taiga</d4p1:string>
        <d4p1:string>Mega Taiga</d4p1:string>
        <d4p1:string>Mega Taiga Hills</d4p1:string>
        <d4p1:string>Mesa</d4p1:string>
        <d4p1:string>Mesa (Bryce)</d4p1:string>
        <d4p1:string>Mesa Plateau</d4p1:string>
        <d4p1:string>Mesa Plateau F</d4p1:string>
        <d4p1:string>Mesa Plateau F M</d4p1:string>
        <d4p1:string>Mesa Plateau M</d4p1:string>
        <d4p1:string>MushroomIsland</d4p1:string>
        <d4p1:string>MushroomIslandShore</d4p1:string>
        <d4p1:string>Ocean</d4p1:string>
        <d4p1:string>Plains</d4p1:string>
        <d4p1:string>River</d4p1:string>
        <d4p1:string>Roofed Forest</d4p1:string>
        <d4p1:string>Roofed Forest M</d4p1:string>
        <d4p1:string>Savanna</d4p1:string>
        <d4p1:string>Savanna M</d4p1:string>
        <d4p1:string>Savanna Plateau</d4p1:string>
        <d4p1:string>Savanna Plateau M</d4p1:string>
        <d4p1:string>Sky</d4p1:string>
        <d4p1:string>Stone Beach</d4p1:string>
        <d4p1:string>Sunflower Plains</d4p1:string>
        <d4p1:string>Swampland</d4p1:string>
        <d4p1:string>Swampland M</d4p1:string>
        <d4p1:string>Taiga</d4p1:string>
        <d4p1:string>Taiga M</d4p1:string>
        <d4p1:string>TaigaHills</d4p1:string>
      </Biomes>
      <Name>All</Name>
    </Group>
  </BiomeGroups>
  <WorldConfig>
    <Properties>
      <Property>
        <Merge>false</Merge>
        <Override>false</Override>
        <OverrideParentValues>true</OverrideParentValues>
        <PropertyName>BedrockobBlock</PropertyName>
        <Value i:nil="true" />
      </Property>
      <Property>
        <Merge>false</Merge>
        <Override>false</Override>
        <OverrideParentValues>true</OverrideParentValues>
        <PropertyName>BiomeMode</PropertyName>
        <Value i:nil="true" />
      </Property>
      <Property>
        <Merge>false</Merge>
        <Override>false</Override>
        <OverrideParentValues>true</OverrideParentValues>
        <PropertyName>BiomeRarityScale</PropertyName>
        <Value i:nil="true" />
      </Property>
      <Property>
        <Merge>false</Merge>
        <Override>true</Override>
        <OverrideParentValues>false</OverrideParentValues>
        <PropertyName>BorderBiomes</PropertyName>
        <Value />
      </Property>
      <Property>
        <Merge>false</Merge>
        <Override>false</Override>
        <OverrideParentValues>true</OverrideParentValues>
        <PropertyName>CeilingBedrock</PropertyName>
        <Value i:nil="true" />
      </Property>
      <Property>
        <Merge>false</Merge>
        <Override>false</Override>
        <OverrideParentValues>true</OverrideParentValues>
        <PropertyName>CustomBiomes</PropertyName>
        <Value i:nil="true" />
      </Property>
      <Property>
        <Merge>false</Merge>
        <Override>false</Override>
        <OverrideParentValues>true</OverrideParentValues>
        <PropertyName>DisableBedrock</PropertyName>
        <Value i:nil="true" />
      </Property>
      <Property>
        <Merge>false</Merge>
        <Override>false</Override>
        <OverrideParentValues>true</OverrideParentValues>
        <PropertyName>EvenCaveDistrubution</PropertyName>
        <Value i:nil="true" />
      </Property>
      <Property>
        <Merge>false</Merge>
        <Override>false</Override>
        <OverrideParentValues>false</OverrideParentValues>
        <PropertyName>FlatBedrock</PropertyName>
        <Value>false</Value>
      </Property>
      <Property>
        <Merge>false</Merge>
        <Override>false</Override>
        <OverrideParentValues>true</OverrideParentValues>
        <PropertyName>FractureHorizontal</PropertyName>
        <Value i:nil="true" />
      </Property>
      <Property>
        <Merge>false</Merge>
        <Override>false</Override>
        <OverrideParentValues>true</OverrideParentValues>
        <PropertyName>FractureVertical</PropertyName>
        <Value i:nil="true" />
      </Property>
      <Property>
        <Merge>false</Merge>
        <Override>false</Override>
        <OverrideParentValues>true</OverrideParentValues>
        <PropertyName>FrozenOcean</PropertyName>
        <Value i:nil="true" />
      </Property>
      <Property>
        <Merge>false</Merge>
        <Override>false</Override>
        <OverrideParentValues>true</OverrideParentValues>
        <PropertyName>GenerationDepth</PropertyName>
        <Value i:nil="true" />
      </Property>
      <Property>
        <Merge>false</Merge>
        <Override>false</Override>
        <OverrideParentValues>true</OverrideParentValues>
        <PropertyName>IceBlock</PropertyName>
        <Value i:nil="true" />
      </Property>
      <Property>
        <Merge>false</Merge>
        <Override>false</Override>
        <OverrideParentValues>true</OverrideParentValues>
        <PropertyName>ImageFile</PropertyName>
        <Value i:nil="true" />
      </Property>
      <Property>
        <Merge>false</Merge>
        <Override>false</Override>
        <OverrideParentValues>true</OverrideParentValues>
        <PropertyName>ImageFillBiome</PropertyName>
        <Value i:nil="true" />
      </Property>
      <Property>
        <Merge>false</Merge>
        <Override>false</Override>
        <OverrideParentValues>true</OverrideParentValues>
        <PropertyName>ImageMode</PropertyName>
        <Value i:nil="true" />
      </Property>
      <Property>
        <Merge>false</Merge>
        <Override>false</Override>
        <OverrideParentValues>true</OverrideParentValues>
        <PropertyName>ImageOrientation</PropertyName>
        <Value i:nil="true" />
      </Property>
      <Property>
        <Merge>false</Merge>
        <Override>false</Override>
        <OverrideParentValues>true</OverrideParentValues>
        <PropertyName>ImageXOffset</PropertyName>
        <Value i:nil="true" />
      </Property>
      <Property>
        <Merge>false</Merge>
        <Override>false</Override>
        <OverrideParentValues>true</OverrideParentValues>
        <PropertyName>ImageZOffset</PropertyName>
        <Value i:nil="true" />
      </Property>
      <Property>
        <Merge>false</Merge>
        <Override>false</Override>
        <OverrideParentValues>true</OverrideParentValues>
        <PropertyName>ImprovedRivers</PropertyName>
        <Value i:nil="true" />
      </Property>
      <Property>
        <Merge>false</Merge>
        <Override>true</Override>
        <OverrideParentValues>false</OverrideParentValues>
        <PropertyName>IsleBiomes</PropertyName>
        <Value />
      </Property>
      <Property>
        <Merge>false</Merge>
        <Override>false</Override>
        <OverrideParentValues>false</OverrideParentValues>
        <PropertyName>LandFuzzy</PropertyName>
        <Value>6</Value>
      </Property>
      <Property>
        <Merge>false</Merge>
        <Override>true</Override>
        <OverrideParentValues>false</OverrideParentValues>
        <PropertyName>LandRarity</PropertyName>
        <Value>100</Value>
      </Property>
      <Property>
        <Merge>false</Merge>
        <Override>false</Override>
        <OverrideParentValues>true</OverrideParentValues>
        <PropertyName>LandSize</PropertyName>
        <Value i:nil="true" />
      </Property>
      <Property>
        <Merge>false</Merge>
        <Override>false</Override>
        <OverrideParentValues>true</OverrideParentValues>
        <PropertyName>MaximumDistanceBetweenRareBuildings</PropertyName>
        <Value i:nil="true" />
      </Property>
      <Property>
        <Merge>false</Merge>
        <Override>true</Override>
        <OverrideParentValues>false</OverrideParentValues>
        <PropertyName>MineshaftsEnabled</PropertyName>
        <Value>false</Value>
      </Property>
      <Property>
        <Merge>false</Merge>
        <Override>false</Override>
        <OverrideParentValues>true</OverrideParentValues>
        <PropertyName>MinimumDistanceBetweenRareBuildings</PropertyName>
        <Value i:nil="true" />
      </Property>
      <Property>
        <Merge>false</Merge>
        <Override>false</Override>
        <OverrideParentValues>true</OverrideParentValues>
        <PropertyName>NetherFortressesEnabled</PropertyName>
        <Value i:nil="true" />
      </Property>
      <Property>
        <Merge>false</Merge>
        <Override>false</Override>
        <OverrideParentValues>true</OverrideParentValues>
        <PropertyName>PopulationBoundsCheck</PropertyName>
        <Value i:nil="true" />
      </Property>
      <Property>
        <Merge>false</Merge>
        <Override>false</Override>
        <OverrideParentValues>true</OverrideParentValues>
        <PropertyName>RandomRivers</PropertyName>
        <Value i:nil="true" />
      </Property>
      <Property>
        <Merge>false</Merge>
        <Override>true</Override>
        <OverrideParentValues>false</OverrideParentValues>
        <PropertyName>RareBuildingsEnabled</PropertyName>
        <Value>false</Value>
      </Property>
      <Property>
        <Merge>false</Merge>
        <Override>false</Override>
        <OverrideParentValues>true</OverrideParentValues>
        <PropertyName>RemoveSurfaceStone</PropertyName>
        <Value i:nil="true" />
      </Property>
      <Property>
        <Merge>false</Merge>
        <Override>false</Override>
        <OverrideParentValues>true</OverrideParentValues>
        <PropertyName>ResourcesSeed</PropertyName>
        <Value i:nil="true" />
      </Property>
      <Property>
        <Merge>false</Merge>
        <Override>false</Override>
        <OverrideParentValues>true</OverrideParentValues>
        <PropertyName>RiverRarity</PropertyName>
        <Value i:nil="true" />
      </Property>
      <Property>
        <Merge>false</Merge>
        <Override>false</Override>
        <OverrideParentValues>true</OverrideParentValues>
        <PropertyName>RiverSize</PropertyName>
        <Value i:nil="true" />
      </Property>
      <Property>
        <Merge>false</Merge>
        <Override>true</Override>
        <OverrideParentValues>false</OverrideParentValues>
        <PropertyName>RiversEnabled</PropertyName>
        <Value>false</Value>
      </Property>
      <Property>
        <Merge>false</Merge>
        <Override>false</Override>
        <OverrideParentValues>true</OverrideParentValues>
        <PropertyName>SettingsMode</PropertyName>
        <Value i:nil="true" />
      </Property>
      <Property>
        <Merge>false</Merge>
        <Override>false</Override>
        <OverrideParentValues>true</OverrideParentValues>
        <PropertyName>StrongholdCount</PropertyName>
        <Value i:nil="true" />
      </Property>
      <Property>
        <Merge>false</Merge>
        <Override>false</Override>
        <OverrideParentValues>true</OverrideParentValues>
        <PropertyName>StrongholdDistance</PropertyName>
        <Value i:nil="true" />
      </Property>
      <Property>
        <Merge>false</Merge>
        <Override>false</Override>
        <OverrideParentValues>true</OverrideParentValues>
        <PropertyName>StrongholdSpread</PropertyName>
        <Value i:nil="true" />
      </Property>
      <Property>
        <Merge>false</Merge>
        <Override>true</Override>
        <OverrideParentValues>false</OverrideParentValues>
        <PropertyName>StrongholdsEnabled</PropertyName>
        <Value>false</Value>
      </Property>
      <Property>
        <Merge>false</Merge>
        <Override>false</Override>
        <OverrideParentValues>true</OverrideParentValues>
        <PropertyName>TerrainMode</PropertyName>
        <Value i:nil="true" />
      </Property>
      <Property>
        <Merge>false</Merge>
        <Override>false</Override>
        <OverrideParentValues>true</OverrideParentValues>
        <PropertyName>VillageDistance</PropertyName>
        <Value i:nil="true" />
      </Property>
      <Property>
        <Merge>false</Merge>
        <Override>false</Override>
        <OverrideParentValues>true</OverrideParentValues>
        <PropertyName>VillageSize</PropertyName>
        <Value i:nil="true" />
      </Property>
      <Property>
        <Merge>false</Merge>
        <Override>true</Override>
        <OverrideParentValues>false</OverrideParentValues>
        <PropertyName>VillagesEnabled</PropertyName>
        <Value>false</Value>
      </Property>
      <Property>
        <Merge>false</Merge>
        <Override>false</Override>
        <OverrideParentValues>true</OverrideParentValues>
        <PropertyName>WaterBlock</PropertyName>
        <Value i:nil="true" />
      </Property>
      <Property>
        <Merge>false</Merge>
        <Override>false</Override>
        <OverrideParentValues>true</OverrideParentValues>
        <PropertyName>WaterLevelMax</PropertyName>
        <Value i:nil="true" />
      </Property>
      <Property>
        <Merge>false</Merge>
        <Override>false</Override>
        <OverrideParentValues>true</OverrideParentValues>
        <PropertyName>WaterLevelMin</PropertyName>
        <Value i:nil="true" />
      </Property>
      <Property>
        <Merge>false</Merge>
        <Override>false</Override>
        <OverrideParentValues>true</OverrideParentValues>
        <PropertyName>WorldFog</PropertyName>
        <Value i:nil="true" />
      </Property>
      <Property>
        <Merge>false</Merge>
        <Override>false</Override>
        <OverrideParentValues>true</OverrideParentValues>
        <PropertyName>WorldHeightCapBits</PropertyName>
        <Value i:nil="true" />
      </Property>
      <Property>
        <Merge>false</Merge>
        <Override>false</Override>
        <OverrideParentValues>true</OverrideParentValues>
        <PropertyName>WorldHeightScaleBits</PropertyName>
        <Value i:nil="true" />
      </Property>
      <Property>
        <Merge>false</Merge>
        <Override>false</Override>
        <OverrideParentValues>true</OverrideParentValues>
        <PropertyName>WorldNightFog</PropertyName>
        <Value i:nil="true" />
      </Property>
      <Property>
        <Merge>false</Merge>
        <Override>false</Override>
        <OverrideParentValues>false</OverrideParentValues>
        <PropertyName>Author</PropertyName>
        <Value i:nil="true" />
      </Property>
      <Property>
        <Merge>false</Merge>
        <Override>true</Override>
        <OverrideParentValues>false</OverrideParentValues>
        <PropertyName>Description</PropertyName>
        <Value>This world configuration demonstrates the effect of extreme biome volatility levels. Uses a single biome with custom height and volatility settings. In the world settings all biomes but one have been removed from Biome Groups, only the NormalBiomes group remains with a single biome. Border biomes and Isle biomes list are empty to prevent other biomes from spawning. LandRarity set to 100 to prevent oceans from spawning. In the biome settings height and volatility have been changed. For this example  rivers and vanilla structures have been disabled via the world settings. Resources (ores, trees etc) have been disabled via the ResourceQueue biome setting. Pre-generator and world border radius are at 5 chunks. Reminds me of a level from that classic old game Worms!</Value>
      </Property>
      <Property>
        <Merge>false</Merge>
        <Override>true</Override>
        <OverrideParentValues>false</OverrideParentValues>
        <PropertyName>Biome Groups</PropertyName>
        <Value>BiomeGroup(NormalBiomes, 0, 100, Desert)</Value>
      </Property>
      <Property>
        <Merge>false</Merge>
        <Override>false</Override>
        <OverrideParentValues>false</OverrideParentValues>
        <PropertyName>OceanFreezingTemperature</PropertyName>
        <Value i:nil="true" />
      </Property>
      <Property>
        <Merge>false</Merge>
        <Override>false</Override>
        <OverrideParentValues>false</OverrideParentValues>
        <PropertyName>FreezeAllBiomesInColdGroup</PropertyName>
        <Value i:nil="true" />
      </Property>
      <Property>
        <Merge>false</Merge>
        <Override>false</Override>
        <OverrideParentValues>false</OverrideParentValues>
        <PropertyName>CooledLavaBlock</PropertyName>
        <Value i:nil="true" />
      </Property>
      <Property>
        <Merge>false</Merge>
        <Override>false</Override>
        <OverrideParentValues>false</OverrideParentValues>
        <PropertyName>FullyFreezeLakes</PropertyName>
        <Value i:nil="true" />
      </Property>
      <Property>
        <Merge>false</Merge>
        <Override>false</Override>
        <OverrideParentValues>false</OverrideParentValues>
        <PropertyName>UseTemperatureForSnowHeight</PropertyName>
        <Value i:nil="true" />
      </Property>
      <Property>
        <Merge>false</Merge>
        <Override>false</Override>
        <OverrideParentValues>false</OverrideParentValues>
        <PropertyName>BetterSnowFall</PropertyName>
        <Value i:nil="true" />
      </Property>
      <Property>
        <Merge>false</Merge>
        <Override>true</Override>
        <OverrideParentValues>false</OverrideParentValues>
        <PropertyName>OceanMonumentsEnabled</PropertyName>
        <Value>false</Value>
      </Property>
      <Property>
        <Merge>false</Merge>
        <Override>false</Override>
        <OverrideParentValues>false</OverrideParentValues>
        <PropertyName>OceanMonumentGridSize</PropertyName>
        <Value i:nil="true" />
      </Property>
      <Property>
        <Merge>false</Merge>
        <Override>false</Override>
        <OverrideParentValues>false</OverrideParentValues>
        <PropertyName>OceanMonumentRandomOffset</PropertyName>
        <Value i:nil="true" />
      </Property>
      <Property>
        <Merge>false</Merge>
        <Override>false</Override>
        <OverrideParentValues>false</OverrideParentValues>
        <PropertyName>MaximumCustomStructureRadius</PropertyName>
        <Value i:nil="true" />
      </Property>
      <Property>
        <Merge>false</Merge>
        <Override>false</Override>
        <OverrideParentValues>false</OverrideParentValues>
        <PropertyName>CaveRarity</PropertyName>
        <Value i:nil="true" />
      </Property>
      <Property>
        <Merge>false</Merge>
        <Override>false</Override>
        <OverrideParentValues>false</OverrideParentValues>
        <PropertyName>CaveFrequency</PropertyName>
        <Value i:nil="true" />
      </Property>
      <Property>
        <Merge>false</Merge>
        <Override>false</Override>
        <OverrideParentValues>false</OverrideParentValues>
        <PropertyName>CaveMinAltitude</PropertyName>
        <Value i:nil="true" />
      </Property>
      <Property>
        <Merge>false</Merge>
        <Override>false</Override>
        <OverrideParentValues>false</OverrideParentValues>
        <PropertyName>CaveMaxAltitude</PropertyName>
        <Value i:nil="true" />
      </Property>
      <Property>
        <Merge>false</Merge>
        <Override>false</Override>
        <OverrideParentValues>false</OverrideParentValues>
        <PropertyName>IndividualCaveRarity</PropertyName>
        <Value i:nil="true" />
      </Property>
      <Property>
        <Merge>false</Merge>
        <Override>false</Override>
        <OverrideParentValues>false</OverrideParentValues>
        <PropertyName>CaveSystemFrequency</PropertyName>
        <Value i:nil="true" />
      </Property>
      <Property>
        <Merge>false</Merge>
        <Override>false</Override>
        <OverrideParentValues>false</OverrideParentValues>
        <PropertyName>CaveSystemPocketChance</PropertyName>
        <Value i:nil="true" />
      </Property>
      <Property>
        <Merge>false</Merge>
        <Override>false</Override>
        <OverrideParentValues>false</OverrideParentValues>
        <PropertyName>CaveSystemPocketMinSize</PropertyName>
        <Value i:nil="true" />
      </Property>
      <Property>
        <Merge>false</Merge>
        <Override>false</Override>
        <OverrideParentValues>false</OverrideParentValues>
        <PropertyName>CaveSystemPocketMaxSize</PropertyName>
        <Value i:nil="true" />
      </Property>
      <Property>
        <Merge>false</Merge>
        <Override>false</Override>
        <OverrideParentValues>false</OverrideParentValues>
        <PropertyName>RavineRarity</PropertyName>
        <Value i:nil="true" />
      </Property>
      <Property>
        <Merge>false</Merge>
        <Override>false</Override>
        <OverrideParentValues>false</OverrideParentValues>
        <PropertyName>RavineMinAltitude</PropertyName>
        <Value i:nil="true" />
      </Property>
      <Property>
        <Merge>false</Merge>
        <Override>false</Override>
        <OverrideParentValues>false</OverrideParentValues>
        <PropertyName>RavineMaxAltitude</PropertyName>
        <Value i:nil="true" />
      </Property>
      <Property>
        <Merge>false</Merge>
        <Override>false</Override>
        <OverrideParentValues>false</OverrideParentValues>
        <PropertyName>RavineMinLength</PropertyName>
        <Value i:nil="true" />
      </Property>
      <Property>
        <Merge>false</Merge>
        <Override>false</Override>
        <OverrideParentValues>false</OverrideParentValues>
        <PropertyName>RavineMaxLength</PropertyName>
        <Value i:nil="true" />
      </Property>
      <Property>
        <Merge>false</Merge>
        <Override>false</Override>
        <OverrideParentValues>false</OverrideParentValues>
        <PropertyName>RavineDepth</PropertyName>
        <Value i:nil="true" />
      </Property>
      <Property>
        <Merge>false</Merge>
        <Override>false</Override>
        <OverrideParentValues>false</OverrideParentValues>
        <PropertyName>OldBiomeSize</PropertyName>
        <Value i:nil="true" />
      </Property>
      <Property>
        <Merge>false</Merge>
        <Override>false</Override>
        <OverrideParentValues>false</OverrideParentValues>
        <PropertyName>MinMoisture</PropertyName>
        <Value i:nil="true" />
      </Property>
      <Property>
        <Merge>false</Merge>
        <Override>false</Override>
        <OverrideParentValues>false</OverrideParentValues>
        <PropertyName>MaxMoisture</PropertyName>
        <Value i:nil="true" />
      </Property>
      <Property>
        <Merge>false</Merge>
        <Override>false</Override>
        <OverrideParentValues>false</OverrideParentValues>
        <PropertyName>MinTemperature</PropertyName>
        <Value i:nil="true" />
      </Property>
      <Property>
        <Merge>false</Merge>
        <Override>false</Override>
        <OverrideParentValues>false</OverrideParentValues>
        <PropertyName>MaxTemperature</PropertyName>
        <Value i:nil="true" />
      </Property>
      <Property>
        <Merge>false</Merge>
        <Override>false</Override>
        <OverrideParentValues>false</OverrideParentValues>
        <PropertyName>WorldSeed</PropertyName>
        <Value i:nil="true" />
      </Property>
      <Property>
        <Merge>false</Merge>
        <Override>false</Override>
        <OverrideParentValues>false</OverrideParentValues>
        <PropertyName>BO3AtSpawn</PropertyName>
        <Value i:nil="true" />
      </Property>
      <Property>
        <Merge>false</Merge>
        <Override>true</Override>
        <OverrideParentValues>false</OverrideParentValues>
        <PropertyName>PreGenerationRadius</PropertyName>
        <Value>5</Value>
      </Property>
      <Property>
        <Merge>false</Merge>
        <Override>true</Override>
        <OverrideParentValues>false</OverrideParentValues>
        <PropertyName>WorldBorderRadius</PropertyName>
        <Value>5</Value>
      </Property>
      <Property>
        <Merge>false</Merge>
        <Override>false</Override>
        <OverrideParentValues>false</OverrideParentValues>
        <PropertyName>Dimensions</PropertyName>
        <Value i:nil="true" />
      </Property>
      <Property>
        <Merge>false</Merge>
        <Override>false</Override>
        <OverrideParentValues>false</OverrideParentValues>
        <PropertyName>DimensionBelow</PropertyName>
        <Value i:nil="true" />
      </Property>
      <Property>
        <Merge>false</Merge>
        <Override>false</Override>
        <OverrideParentValues>false</OverrideParentValues>
        <PropertyName>DimensionAbove</PropertyName>
        <Value i:nil="true" />
      </Property>
      <Property>
        <Merge>false</Merge>
        <Override>false</Override>
        <OverrideParentValues>false</OverrideParentValues>
        <PropertyName>DimensionPortalMaterials</PropertyName>
        <Value i:nil="true" />
      </Property>
      <Property>
        <Merge>false</Merge>
        <Override>false</Override>
        <OverrideParentValues>false</OverrideParentValues>
        <PropertyName>TeleportToSpawnOnly</PropertyName>
        <Value i:nil="true" />
      </Property>
      <Property>
        <Merge>false</Merge>
        <Override>false</Override>
        <OverrideParentValues>false</OverrideParentValues>
        <PropertyName>Cartographer</PropertyName>
        <Value i:nil="true" />
      </Property>
      <Property>
        <Merge>false</Merge>
        <Override>false</Override>
        <OverrideParentValues>false</OverrideParentValues>
        <PropertyName>CommandBlockOutput</PropertyName>
        <Value i:nil="true" />
      </Property>
      <Property>
        <Merge>false</Merge>
        <Override>false</Override>
        <OverrideParentValues>false</OverrideParentValues>
        <PropertyName>DisableElytraMovementCheck</PropertyName>
        <Value i:nil="true" />
      </Property>
      <Property>
        <Merge>false</Merge>
        <Override>false</Override>
        <OverrideParentValues>false</OverrideParentValues>
        <PropertyName>DoDaylightCycle</PropertyName>
        <Value i:nil="true" />
      </Property>
      <Property>
        <Merge>false</Merge>
        <Override>false</Override>
        <OverrideParentValues>false</OverrideParentValues>
        <PropertyName>DoEntityDrops</PropertyName>
        <Value i:nil="true" />
      </Property>
      <Property>
        <Merge>false</Merge>
        <Override>false</Override>
        <OverrideParentValues>false</OverrideParentValues>
        <PropertyName>DoFireTick</PropertyName>
        <Value i:nil="true" />
      </Property>
      <Property>
        <Merge>false</Merge>
        <Override>false</Override>
        <OverrideParentValues>false</OverrideParentValues>
        <PropertyName>DoMobLoot</PropertyName>
        <Value i:nil="true" />
      </Property>
      <Property>
        <Merge>false</Merge>
        <Override>false</Override>
        <OverrideParentValues>false</OverrideParentValues>
        <PropertyName>DoMobSpawning</PropertyName>
        <Value i:nil="true" />
      </Property>
      <Property>
        <Merge>false</Merge>
        <Override>false</Override>
        <OverrideParentValues>false</OverrideParentValues>
        <PropertyName>DoTileDrops</PropertyName>
        <Value i:nil="true" />
      </Property>
      <Property>
        <Merge>false</Merge>
        <Override>false</Override>
        <OverrideParentValues>false</OverrideParentValues>
        <PropertyName>DoWeatherCycle</PropertyName>
        <Value i:nil="true" />
      </Property>
      <Property>
        <Merge>false</Merge>
        <Override>false</Override>
        <OverrideParentValues>false</OverrideParentValues>
        <PropertyName>KeepInventory</PropertyName>
        <Value i:nil="true" />
      </Property>
      <Property>
        <Merge>false</Merge>
        <Override>false</Override>
        <OverrideParentValues>false</OverrideParentValues>
        <PropertyName>LogAdminCommands</PropertyName>
        <Value i:nil="true" />
      </Property>
      <Property>
        <Merge>false</Merge>
        <Override>false</Override>
        <OverrideParentValues>false</OverrideParentValues>
        <PropertyName>MaxEntityCramming</PropertyName>
        <Value i:nil="true" />
      </Property>
      <Property>
        <Merge>false</Merge>
        <Override>false</Override>
        <OverrideParentValues>false</OverrideParentValues>
        <PropertyName>MobGriefing</PropertyName>
        <Value i:nil="true" />
      </Property>
      <Property>
        <Merge>false</Merge>
        <Override>false</Override>
        <OverrideParentValues>false</OverrideParentValues>
        <PropertyName>NaturalRegeneration</PropertyName>
        <Value i:nil="true" />
      </Property>
      <Property>
        <Merge>false</Merge>
        <Override>false</Override>
        <OverrideParentValues>false</OverrideParentValues>
        <PropertyName>RandomTickSpeed</PropertyName>
        <Value i:nil="true" />
      </Property>
      <Property>
        <Merge>false</Merge>
        <Override>false</Override>
        <OverrideParentValues>false</OverrideParentValues>
        <PropertyName>ReducedDebugInfo</PropertyName>
        <Value i:nil="true" />
      </Property>
      <Property>
        <Merge>false</Merge>
        <Override>false</Override>
        <OverrideParentValues>false</OverrideParentValues>
        <PropertyName>SendCommandFeedback</PropertyName>
        <Value i:nil="true" />
      </Property>
      <Property>
        <Merge>false</Merge>
        <Override>false</Override>
        <OverrideParentValues>false</OverrideParentValues>
        <PropertyName>ShowDeathMessages</PropertyName>
        <Value i:nil="true" />
      </Property>
      <Property>
        <Merge>false</Merge>
        <Override>false</Override>
        <OverrideParentValues>false</OverrideParentValues>
        <PropertyName>SpawnRadius</PropertyName>
        <Value i:nil="true" />
      </Property>
      <Property>
        <Merge>false</Merge>
        <Override>false</Override>
        <OverrideParentValues>false</OverrideParentValues>
        <PropertyName>SpectatorsGenerateChunks</PropertyName>
        <Value i:nil="true" />
      </Property>
      <Property>
        <Merge>false</Merge>
        <Override>false</Override>
        <OverrideParentValues>false</OverrideParentValues>
        <PropertyName>WelcomeMessage</PropertyName>
        <Value i:nil="true" />
      </Property>
      <Property>
        <Merge>false</Merge>
        <Override>false</Override>
        <OverrideParentValues>false</OverrideParentValues>
        <PropertyName>DepartMessage</PropertyName>
        <Value i:nil="true" />
      </Property>
      <Property>
        <Merge>false</Merge>
        <Override>false</Override>
        <OverrideParentValues>false</OverrideParentValues>
        <PropertyName>HasSkyLight</PropertyName>
        <Value i:nil="true" />
      </Property>
      <Property>
        <Merge>false</Merge>
        <Override>false</Override>
        <OverrideParentValues>false</OverrideParentValues>
        <PropertyName>IsSurfaceWorld</PropertyName>
        <Value i:nil="true" />
      </Property>
      <Property>
        <Merge>false</Merge>
        <Override>false</Override>
        <OverrideParentValues>false</OverrideParentValues>
        <PropertyName>CanRespawnHere</PropertyName>
        <Value i:nil="true" />
      </Property>
      <Property>
        <Merge>false</Merge>
        <Override>false</Override>
        <OverrideParentValues>false</OverrideParentValues>
        <PropertyName>DoesWaterVaporize</PropertyName>
        <Value i:nil="true" />
      </Property>
      <Property>
        <Merge>false</Merge>
        <Override>false</Override>
        <OverrideParentValues>false</OverrideParentValues>
        <PropertyName>DoesXZShowFog</PropertyName>
        <Value i:nil="true" />
      </Property>
      <Property>
        <Merge>false</Merge>
        <Override>false</Override>
        <OverrideParentValues>false</OverrideParentValues>
        <PropertyName>UseCustomFogColor</PropertyName>
        <Value i:nil="true" />
      </Property>
      <Property>
        <Merge>false</Merge>
        <Override>false</Override>
        <OverrideParentValues>false</OverrideParentValues>
        <PropertyName>FogColorRed</PropertyName>
        <Value i:nil="true" />
      </Property>
      <Property>
        <Merge>false</Merge>
        <Override>false</Override>
        <OverrideParentValues>false</OverrideParentValues>
        <PropertyName>FogColorGreen</PropertyName>
        <Value i:nil="true" />
      </Property>
      <Property>
        <Merge>false</Merge>
        <Override>false</Override>
        <OverrideParentValues>false</OverrideParentValues>
        <PropertyName>FogColorBlue</PropertyName>
        <Value i:nil="true" />
      </Property>
      <Property>
        <Merge>false</Merge>
        <Override>false</Override>
        <OverrideParentValues>false</OverrideParentValues>
        <PropertyName>IsSkyColored</PropertyName>
        <Value i:nil="true" />
      </Property>
      <Property>
        <Merge>false</Merge>
        <Override>false</Override>
        <OverrideParentValues>false</OverrideParentValues>
        <PropertyName>CloudHeight</PropertyName>
        <Value i:nil="true" />
      </Property>
      <Property>
        <Merge>false</Merge>
        <Override>false</Override>
        <OverrideParentValues>false</OverrideParentValues>
        <PropertyName>CanDoLightning</PropertyName>
        <Value i:nil="true" />
      </Property>
      <Property>
        <Merge>false</Merge>
        <Override>false</Override>
        <OverrideParentValues>false</OverrideParentValues>
        <PropertyName>CanDoRainSnowIce</PropertyName>
        <Value i:nil="true" />
      </Property>
      <Property>
        <Merge>false</Merge>
        <Override>false</Override>
        <OverrideParentValues>false</OverrideParentValues>
        <PropertyName>IsNightWorld</PropertyName>
        <Value i:nil="true" />
      </Property>
      <Property>
        <Merge>false</Merge>
        <Override>false</Override>
        <OverrideParentValues>false</OverrideParentValues>
        <PropertyName>VoidFogYFactor</PropertyName>
        <Value i:nil="true" />
      </Property>
      <Property>
        <Merge>false</Merge>
        <Override>false</Override>
        <OverrideParentValues>false</OverrideParentValues>
        <PropertyName>ShouldMapSpin</PropertyName>
        <Value i:nil="true" />
      </Property>
      <Property>
        <Merge>false</Merge>
        <Override>false</Override>
        <OverrideParentValues>false</OverrideParentValues>
        <PropertyName>CanDropChunk</PropertyName>
        <Value i:nil="true" />
      </Property>
      <Property>
        <Merge>false</Merge>
        <Override>true</Override>
        <OverrideParentValues>false</OverrideParentValues>
        <PropertyName>WoodLandMansionsEnabled</PropertyName>
        <Value>false</Value>
      </Property>
    </Properties>
  </WorldConfig>
</SettingsFile>